,Type,Created Date and Time,X Coordinate,Y Coordinate,Year
4700 S GREENWOOD AVE,Snow - Uncleared Sidewalk or Bike Lane,3/11/13 10:38 AM,1184378,1873868,2013
8400 S KILBOURN AVE,Snow - Uncleared Sidewalk or Bike Lane,3/11/13 7:55 AM,1147854,1848024,2013
4900 N JANSSEN AVE,Snow - Uncleared Sidewalk or Bike Lane,3/9/13 8:02 PM,1165540,1933070,2013
4200 S CICERO AVE,Snow - Uncleared Sidewalk or Bike Lane,3/9/13 7:57 PM,1145070,1876096,2013
1400 W ARGYLE ST,Snow - Uncleared Sidewalk or Bike Lane,3/9/13 7:50 PM,1165519,1933298,2013
2900 N BURLING ST,Snow - Uncleared Sidewalk or Bike Lane,3/9/13 11:30 AM,1170786,1919533,2013
2100 N BELL AVE,Snow - Uncleared Sidewalk or Bike Lane,3/9/13 10:20 AM,1161056,1914526,2013
1900 E 72ND ST,Snow - Uncleared Sidewalk or Bike Lane,3/9/13 7:47 AM,1190607,1857619,2013
1700 W DIVERSEY PKWY,Snow - Uncleared Sidewalk or Bike Lane,3/8/13 4:29 PM,1164519,1918643,2013
1700 W WOLFRAM ST,Snow - Uncleared Sidewalk or Bike Lane,3/8/13 4:27 PM,1164108,1918959,2013
1700 W WOLFRAM ST,Snow - Uncleared Sidewalk or Bike Lane,3/8/13 4:26 PM,1164289,1918965,2013
1700 W WOLFRAM ST,Snow - Uncleared Sidewalk or Bike Lane,3/8/13 4:25 PM,1164289,1918965,2013
1700 W WOLFRAM ST,Snow - Uncleared Sidewalk or Bike Lane,3/8/13 4:24 PM,1164469,1918971,2013
1700 W WOLFRAM ST,Snow - Uncleared Sidewalk or Bike Lane,3/8/13 4:23 PM,1164469,1918971,2013
1600 W WOLFRAM ST,Snow - Uncleared Sidewalk or Bike Lane,3/8/13 4:22 PM,1164934,1918983,2013
1400 W LELAND AVE,Snow - Uncleared Sidewalk or Bike Lane,3/8/13 11:43 AM,1165700,1931306,2013
4900 N TALMAN AVE,Snow - Uncleared Sidewalk or Bike Lane,3/8/13 9:33 AM,1157803,1932813,2013
5000 N LINCOLN AVE,Snow - Uncleared Sidewalk or Bike Lane,3/8/13 9:27 AM,1158977,1933074,2013
5300 S TALMAN AVE,Snow - Uncleared Sidewalk or Bike Lane,3/8/13 8:37 AM,1159612,1869112,2013
5400 S RIDGEWAY AVE,Snow - Uncleared Sidewalk or Bike Lane,3/8/13 8:23 AM,1152291,1868542,2013
3700 W 55TH ST,Snow - Uncleared Sidewalk or Bike Lane,3/8/13 8:23 AM,1152421,1867872,2013
1900 E 72ND ST,Snow - Uncleared Sidewalk or Bike Lane,3/7/13 9:50 PM,1190607,1857619,2013
100 N WELLS ST,Snow - Uncleared Sidewalk or Bike Lane,3/7/13 8:37 PM,1174723,1900838,2013
800 W WASHINGTON BLVD,Snow - Uncleared Sidewalk or Bike Lane,3/7/13 8:29 PM,1170705,1900744,2013
800 W WASHINGTON BLVD,Snow - Uncleared Sidewalk or Bike Lane,3/7/13 8:28 PM,1170714,1900745,2013
3200 W LAWRENCE AVE,Snow - Uncleared Sidewalk or Bike Lane,3/7/13 5:02 PM,1153833,1931706,2013
3200 W LAWRENCE AVE,Snow - Uncleared Sidewalk or Bike Lane,3/7/13 5:02 PM,1153818,1931706,2013
600 W WELLINGTON AVE,Snow - Uncleared Sidewalk or Bike Lane,3/7/13 3:28 PM,1171176,1920187,2013
5900 N MAGNOLIA AVE,Snow - Uncleared Sidewalk or Bike Lane,3/7/13 2:52 PM,1166880,1939589,2013
5800 S HARLEM AVE,Snow - Uncleared Sidewalk or Bike Lane,3/7/13 2:50 PM,1129366,1864769,2013
5000 S ARCHER AVE,Snow - Uncleared Sidewalk or Bike Lane,3/7/13 11:20 AM,1150544,1871145,2013
4800 S ARCHER AVE,Snow - Uncleared Sidewalk or Bike Lane,3/7/13 11:20 AM,1152205,1872530,2013
4700 S HAMLIN AVE,Snow - Uncleared Sidewalk or Bike Lane,3/7/13 11:19 AM,1151823,1873200,2013
8700 S PRINCETON AVE,Snow - Uncleared Sidewalk or Bike Lane,3/7/13 11:06 AM,1175690,1846908,2013
2600 N CICERO AVE,Snow - Uncleared Sidewalk or Bike Lane,3/7/13 10:38 AM,1143932,1917461,2013
1200 W CHICAGO AVE,Snow - Uncleared Sidewalk or Bike Lane,3/7/13 10:20 AM,1167855,1905488,2013
2400 N ASHLAND AVE,Snow - Uncleared Sidewalk or Bike Lane,3/7/13 10:02 AM,1165253,1916468,2013
2500 N CLYBOURN AVE,Snow - Uncleared Sidewalk or Bike Lane,3/7/13 9:59 AM,1164261,1916662,2013
5900 N ELSTON AVE,Snow - Uncleared Sidewalk or Bike Lane,3/7/13 9:51 AM,1135280,1939400,2013
5900 N ELSTON AVE,Snow - Uncleared Sidewalk or Bike Lane,3/7/13 9:45 AM,1135296,1939390,2013
3000 S NORMAL AVE,Snow - Uncleared Sidewalk or Bike Lane,3/7/13 9:33 AM,1173447,1885031,2013
2200 N HARLEM AVE,Snow - Uncleared Sidewalk or Bike Lane,3/7/13 9:11 AM,1127730,1913899,2013
2800 N WASHTENAW AVE,Snow - Uncleared Sidewalk or Bike Lane,3/7/13 9:05 AM,1157876,1918908,2013
1400 S MICHIGAN AVE,Snow - Uncleared Sidewalk or Bike Lane,3/7/13 9:01 AM,1177447,1893782,2013
1000 N OAKLEY BLVD,Snow - Uncleared Sidewalk or Bike Lane,3/7/13 8:29 AM,1160883,1906983,2013
1200 N PAULINA ST,Snow - Uncleared Sidewalk or Bike Lane,3/6/13 11:19 PM,1164794,1908557,2013
1200 N PAULINA ST,Snow - Uncleared Sidewalk or Bike Lane,3/6/13 11:19 PM,1164780,1908472,2013
1200 N PAULINA ST,Snow - Uncleared Sidewalk or Bike Lane,3/6/13 11:18 PM,1164755,1908324,2013
3300 W CRYSTAL ST,Snow - Uncleared Sidewalk or Bike Lane,3/6/13 10:36 PM,1153760,1908119,2013
1100 E 55TH ST,Snow - Uncleared Sidewalk or Bike Lane,3/6/13 10:16 PM,1184313,1868873,2013
4300 N WINCHESTER AVE,Snow - Uncleared Sidewalk or Bike Lane,3/6/13 9:45 PM,1162640,1928737,2013
3700 N WILTON AVE,Snow - Uncleared Sidewalk or Bike Lane,3/6/13 8:09 PM,1169260,1925214,2013
3700 N WILTON AVE,Snow - Uncleared Sidewalk or Bike Lane,3/6/13 8:08 PM,1169260,1925214,2013
1500 N SHEFFIELD AVE,Snow - Uncleared Sidewalk or Bike Lane,3/6/13 7:47 PM,1169386,1910507,2013
1500 N SHEFFIELD AVE,Snow - Uncleared Sidewalk or Bike Lane,3/6/13 7:44 PM,1169386,1910507,2013
2300 W CONGRESS PKWY,Snow - Uncleared Sidewalk or Bike Lane,3/6/13 7:44 PM,1160703,1897700,2013
1500 N SHEFFIELD AVE,Snow - Uncleared Sidewalk or Bike Lane,3/6/13 7:43 PM,1169386,1910507,2013
11100 S ST LOUIS AVE,Snow - Uncleared Sidewalk or Bike Lane,3/6/13 6:35 PM,1155012,1830482,2013
10800 S CHRISTIANA AVE,Snow - Uncleared Sidewalk or Bike Lane,3/6/13 6:28 PM,1155918,1832660,2013
6200 N CLARK ST,Snow - Uncleared Sidewalk or Bike Lane,3/6/13 6:00 PM,1164519,1941495,2013
4100 N WOLCOTT AVE,Snow - Uncleared Sidewalk or Bike Lane,3/6/13 5:54 PM,1162929,1927663,2013
3800 N LINCOLN AVE,Snow - Uncleared Sidewalk or Bike Lane,3/6/13 5:49 PM,1162994,1925252,2013
2700 N SPAULDING AVE,Snow - Uncleared Sidewalk or Bike Lane,3/6/13 5:34 PM,1153733,1918094,2013
4200 N MARINE DR,Snow - Uncleared Sidewalk or Bike Lane,3/6/13 5:13 PM,1170978,1928971,2013
0 W CHESTNUT ST,Snow - Uncleared Sidewalk or Bike Lane,3/6/13 5:09 PM,1175963,1906207,2013
4500 N MERRIMAC AVE,Snow - Uncleared Sidewalk or Bike Lane,3/6/13 4:47 PM,1133858,1929798,2013
2300 S ARCHER AVE,Snow - Uncleared Sidewalk or Bike Lane,3/6/13 4:36 PM,1172834,1888503,2013
2400 N WESTERN AVE,Snow - Uncleared Sidewalk or Bike Lane,3/6/13 4:28 PM,1159949,1916292,2013
8100 S WENTWORTH AVE,Snow - Uncleared Sidewalk or Bike Lane,3/6/13 4:20 PM,1176345,1851218,2013
2000 W MELROSE ST,Snow - Uncleared Sidewalk or Bike Lane,3/6/13 4:15 PM,1162101,1921575,2013
1600 W WALLEN AVE,Snow - Uncleared Sidewalk or Bike Lane,3/6/13 3:58 PM,1164405,1944249,2013
10700 S VERNON AVE,Snow - Uncleared Sidewalk or Bike Lane,3/6/13 3:53 PM,1181141,1834106,2013
1900 W SCHOOL ST,Snow - Uncleared Sidewalk or Bike Lane,3/6/13 3:43 PM,1163031,1921930,2013
6400 W ARCHER AVE,Snow - Uncleared Sidewalk or Bike Lane,3/6/13 3:36 PM,1134424,1867396,2013
7700 W NORTH SHORE AVE,Snow - Uncleared Sidewalk or Bike Lane,3/6/13 3:25 PM,1123585,1943690,2013
2500 W ROOSEVELT RD,Snow - Uncleared Sidewalk or Bike Lane,3/6/13 3:17 PM,1159530,1894627,2013
5300 N WAYNE AVE,Snow - Uncleared Sidewalk or Bike Lane,3/6/13 3:14 PM,1166346,1935566,2013
2600 W ROOSEVELT RD,Snow - Uncleared Sidewalk or Bike Lane,3/6/13 3:10 PM,1158783,1894611,2013
2700 W ROOSEVELT RD,Snow - Uncleared Sidewalk or Bike Lane,3/6/13 3:09 PM,1158447,1894604,2013
5600 S ARCHER AVE,Snow - Uncleared Sidewalk or Bike Lane,3/6/13 3:04 PM,1142918,1869300,2013
4600 S DRAKE AVE,Snow - Uncleared Sidewalk or Bike Lane,3/6/13 2:41 PM,1153539,1873242,2013
4700 S HAMLIN AVE,Snow - Uncleared Sidewalk or Bike Lane,3/6/13 2:40 PM,1151823,1873200,2013
5000 S ARCHER AVE,Snow - Uncleared Sidewalk or Bike Lane,3/6/13 2:38 PM,1150544,1871145,2013
10400 S TORRENCE AVE,Snow - Uncleared Sidewalk or Bike Lane,3/6/13 2:34 PM,1195516,1836339,2013
6500 S RHODES AVE,Snow - Uncleared Sidewalk or Bike Lane,3/6/13 2:33 PM,1181019,1862028,2013
5300 S NASHVILLE AVE,Snow - Uncleared Sidewalk or Bike Lane,3/6/13 2:32 PM,1133279,1868690,2013
1200 S STATE ST,Snow - Uncleared Sidewalk or Bike Lane,3/6/13 2:08 PM,1176525,1895066,2013
10400 S TORRENCE AVE,Snow - Uncleared Sidewalk or Bike Lane,3/6/13 1:35 PM,1195516,1836339,2013
1700 N CLYBOURN AVE,Snow - Uncleared Sidewalk or Bike Lane,3/6/13 1:17 PM,1169615,1911591,2013
1700 N CLYBOURN AVE,Snow - Uncleared Sidewalk or Bike Lane,3/6/13 1:15 PM,1169735,1911477,2013
1700 N CLYBOURN AVE,Snow - Uncleared Sidewalk or Bike Lane,3/6/13 1:14 PM,1169795,1911421,2013
1900 N BURLING ST,Snow - Uncleared Sidewalk or Bike Lane,3/6/13 1:09 PM,1170969,1913235,2013
3300 N ALBANY AVE,Snow - Uncleared Sidewalk or Bike Lane,3/6/13 1:06 PM,1155128,1922041,2013
1300 W WEBSTER AVE,Snow - Uncleared Sidewalk or Bike Lane,3/6/13 1:06 PM,1167042,1914749,2013
3300 N ALBANY AVE,Snow - Uncleared Sidewalk or Bike Lane,3/6/13 1:06 PM,1155128,1922029,2013
500 N ORLEANS ST,Snow - Uncleared Sidewalk or Bike Lane,3/6/13 12:13 PM,1173838,1903748,2013
6500 N KEDZIE AVE,Snow - Uncleared Sidewalk or Bike Lane,3/6/13 12:13 PM,1153853,1943246,2013
3400 N LINCOLN AVE,Snow - Uncleared Sidewalk or Bike Lane,3/6/13 12:09 PM,1164140,1923093,2013
2200 W CORNELIA AVE,Snow - Uncleared Sidewalk or Bike Lane,3/6/13 12:09 PM,1160652,1923200,2013
4200 S CALIFORNIA AVE,Snow - Uncleared Sidewalk or Bike Lane,3/6/13 12:03 PM,1158394,1876684,2013
10600 S TORRENCE AVE,Snow - Uncleared Sidewalk or Bike Lane,3/6/13 11:59 AM,1195537,1835226,2013
10700 S TORRENCE AVE,Snow - Uncleared Sidewalk or Bike Lane,3/6/13 11:58 AM,1195557,1834189,2013
800 W BUENA AVE,Snow - Uncleared Sidewalk or Bike Lane,3/6/13 11:50 AM,1169931,1928199,2013
800 W BUENA AVE,Snow - Uncleared Sidewalk or Bike Lane,3/6/13 11:50 AM,1169931,1928199,2013
6200 W 62ND ST,Snow - Uncleared Sidewalk or Bike Lane,3/6/13 11:47 AM,1136140,1862770,2013
800 W BUENA AVE,Snow - Uncleared Sidewalk or Bike Lane,3/6/13 11:45 AM,1169848,1928197,2013
2100 N SHEFFIELD AVE,Snow - Uncleared Sidewalk or Bike Lane,3/6/13 11:43 AM,1169282,1914350,2013
3600 S DAMEN AVE,Snow - Uncleared Sidewalk or Bike Lane,3/6/13 11:40 AM,1163614,1880633,2013
3600 S DAMEN AVE,Snow - Uncleared Sidewalk or Bike Lane,3/6/13 11:40 AM,1163614,1880633,2013
3700 W 55TH ST,Snow - Uncleared Sidewalk or Bike Lane,3/6/13 11:24 AM,1152421,1867872,2013
2700 N CALIFORNIA AVE,Snow - Uncleared Sidewalk or Bike Lane,3/6/13 11:11 AM,1157230,1918487,2013
4100 W ARGYLE ST,Snow - Uncleared Sidewalk or Bike Lane,3/6/13 10:56 AM,1147685,1932901,2013
2000 W EVERGREEN AVE,Snow - Uncleared Sidewalk or Bike Lane,3/6/13 10:55 AM,1162706,1909019,2013
1400 W SUNNYSIDE AVE,Snow - Uncleared Sidewalk or Bike Lane,3/6/13 10:37 AM,1165766,1929980,2013
100 N WELLS ST,Snow - Uncleared Sidewalk or Bike Lane,3/6/13 10:25 AM,1174723,1900838,2013
2900 N RACINE AVE,Snow - Uncleared Sidewalk or Bike Lane,3/6/13 10:19 AM,1167777,1919852,2013
3300 N LAKE SHORE DR,Snow - Uncleared Sidewalk or Bike Lane,3/6/13 10:11 AM,1172846,1922442,2013
800 W 36TH ST,Snow - Uncleared Sidewalk or Bike Lane,3/6/13 10:07 AM,1171526,1880906,2013
800 W 36TH ST,Snow - Uncleared Sidewalk or Bike Lane,3/6/13 10:07 AM,1171526,1880906,2013
1300 N LAKE SHORE DR,Snow - Uncleared Sidewalk or Bike Lane,3/6/13 10:01 AM,1176891,1909590,2013
1300 N LAKE SHORE DR,Snow - Uncleared Sidewalk or Bike Lane,3/6/13 10:01 AM,1176891,1909590,2013
1300 N LAKE SHORE DR,Snow - Uncleared Sidewalk or Bike Lane,3/6/13 10:01 AM,1176891,1909590,2013
100 E LAKE ST,Snow - Uncleared Sidewalk or Bike Lane,3/6/13 10:01 AM,1177491,1901763,2013
1200 W FULTON ST,Snow - Uncleared Sidewalk or Bike Lane,3/6/13 9:55 AM,,,2013
8300 S LAFAYETTE AVE,Snow - Uncleared Sidewalk or Bike Lane,3/6/13 9:26 AM,1177384,1849966,2013
4800 S ARCHER AVE,Snow - Uncleared Sidewalk or Bike Lane,3/6/13 9:18 AM,1152205,1872530,2013
200 W 63RD ST,Snow - Uncleared Sidewalk or Bike Lane,3/6/13 9:18 AM,1175555,1863189,2013
400 W CHICAGO AVE,Snow - Uncleared Sidewalk or Bike Lane,3/6/13 9:11 AM,1172598,1905631,2013
1600 W ADAMS ST,Snow - Uncleared Sidewalk or Bike Lane,3/6/13 8:48 AM,1165779,1899164,2013
4700 N LEAVITT ST,Snow - Uncleared Sidewalk or Bike Lane,3/6/13 8:20 AM,1160829,1931638,2013
2200 W LAWRENCE AVE,Snow - Uncleared Sidewalk or Bike Lane,3/6/13 8:18 AM,1160699,1931844,2013
200 W 23RD PL,Snow - Uncleared Sidewalk or Bike Lane,3/6/13 8:15 AM,1175342,1888734,2013
300 W NORTH AVE,Snow - Uncleared Sidewalk or Bike Lane,3/6/13 8:12 AM,1173585,1910972,2013
4500 N ELSTON AVE,Snow - Uncleared Sidewalk or Bike Lane,3/6/13 7:56 AM,1147109,1930129,2013
4200 N SPAULDING AVE,Snow - Uncleared Sidewalk or Bike Lane,3/6/13 7:23 AM,1153624,1928102,2013
3200 S RACINE AVE,Snow - Uncleared Sidewalk or Bike Lane,3/6/13 7:22 AM,1168848,1883256,2013
8400 S PULASKI RD,Snow - Uncleared Sidewalk or Bike Lane,3/6/13 6:25 AM,1151209,1848166,2013
2900 W MONTROSE AVE,Snow - Uncleared Sidewalk or Bike Lane,3/6/13 2:01 AM,1156244,1929098,2013
2000 W SUMMERDALE AVE,Snow - Uncleared Sidewalk or Bike Lane,3/5/13 11:43 PM,1161684,1935520,2013
4200 N MARINE DR,Snow - Uncleared Sidewalk or Bike Lane,3/5/13 10:41 PM,1170978,1928971,2013
2600 E 104TH ST,Snow - Uncleared Sidewalk or Bike Lane,3/5/13 10:08 PM,1195181,1836551,2013
1000 N HALSTED ST,Snow - Uncleared Sidewalk or Bike Lane,3/5/13 9:36 PM,1170827,1907363,2013
2600 W CARMEN AVE,Snow - Uncleared Sidewalk or Bike Lane,3/5/13 8:57 PM,1157823,1933767,2013
6500 W SCHOOL ST,Snow - Uncleared Sidewalk or Bike Lane,3/5/13 6:08 PM,1132002,1921223,2013
2200 N LAKEWOOD AVE,Snow - Uncleared Sidewalk or Bike Lane,3/5/13 5:12 PM,1167281,1914920,2013
7700 S ESSEX AVE,Snow - Uncleared Sidewalk or Bike Lane,3/5/13 4:56 PM,1194203,1854188,2013
7700 S ESSEX AVE,Snow - Uncleared Sidewalk or Bike Lane,3/5/13 4:56 PM,1194203,1854188,2013
2000 S DAMEN AVE,Snow - Uncleared Sidewalk or Bike Lane,3/5/13 4:49 PM,1163349,1890411,2013
2000 W CULLERTON ST,Snow - Uncleared Sidewalk or Bike Lane,3/5/13 4:46 PM,1163342,1890411,2013
2300 W 22ND PL,Snow - Uncleared Sidewalk or Bike Lane,3/5/13 4:42 PM,1161298,1889019,2013
3800 W 58TH ST,Snow - Uncleared Sidewalk or Bike Lane,3/5/13 4:31 PM,1151855,1865872,2013
3600 S WOOD ST,Snow - Uncleared Sidewalk or Bike Lane,3/5/13 4:27 PM,1164948,1880528,2013
0 E LAKE ST,Snow - Uncleared Sidewalk or Bike Lane,3/5/13 4:24 PM,1176927,1901746,2013
7700 S KNOX AVE,Snow - Uncleared Sidewalk or Bike Lane,3/5/13 4:18 PM,1146745,1853002,2013
700 W RANDOLPH ST,Snow - Uncleared Sidewalk or Bike Lane,3/5/13 3:58 PM,1171243,1901218,2013
700 W RANDOLPH ST,Snow - Uncleared Sidewalk or Bike Lane,3/5/13 3:56 PM,1171249,1901218,2013
7000 S KIMBARK AVE,Snow - Uncleared Sidewalk or Bike Lane,3/5/13 3:41 PM,1185925,1858775,2013
2000 W SUMMERDALE AVE,Snow - Uncleared Sidewalk or Bike Lane,3/5/13 3:34 PM,1161684,1935520,2013
1800 N HOYNE AVE,Snow - Uncleared Sidewalk or Bike Lane,3/5/13 3:31 PM,1162059,1912534,2013
6900 W ARCHER AVE,Snow - Uncleared Sidewalk or Bike Lane,3/5/13 2:57 PM,1130927,1867284,2013
0 E LAKE ST,Snow - Uncleared Sidewalk or Bike Lane,3/5/13 2:49 PM,1176781,1901746,2013
200 N STATE ST,Snow - Uncleared Sidewalk or Bike Lane,3/5/13 2:49 PM,1176328,1901757,2013
1700 N KEDZIE AVE,Snow - Uncleared Sidewalk or Bike Lane,3/5/13 12:55 PM,1154765,1911771,2013
7900 S CICERO AVE,Snow - Uncleared Sidewalk or Bike Lane,3/5/13 12:55 PM,1145800,1851350,2013
800 N LOCKWOOD AVE,Snow - Uncleared Sidewalk or Bike Lane,3/5/13 11:35 AM,1140873,1904968,2013
7100 W ARCHER AVE,Snow - Uncleared Sidewalk or Bike Lane,3/5/13 11:33 AM,1129403,1867225,2013
2700 W ROOSEVELT RD,Snow - Uncleared Sidewalk or Bike Lane,3/4/13 9:40 PM,1158447,1894604,2013
2500 N KEDZIE BLVD,Snow - Uncleared Sidewalk or Bike Lane,3/4/13 9:07 PM,1154515,1916985,2013
1400 W BRYN MAWR AVE,Snow - Uncleared Sidewalk or Bike Lane,3/4/13 8:08 PM,1165971,1937304,2013
3800 N OKETO AVE,Snow - Uncleared Sidewalk or Bike Lane,3/4/13 7:46 PM,1126041,1924756,2013
2500 W CERMAK RD,Snow - Uncleared Sidewalk or Bike Lane,3/4/13 6:28 PM,1160100,1889323,2013
600 W DICKENS AVE,Snow - Uncleared Sidewalk or Bike Lane,3/4/13 4:23 PM,1171928,1914219,2013
5300 S TALMAN AVE,Snow - Uncleared Sidewalk or Bike Lane,3/4/13 4:07 PM,1159612,1869112,2013
2600 W ROOSEVELT RD,Snow - Uncleared Sidewalk or Bike Lane,3/4/13 3:49 PM,1158783,1894611,2013
2100 W TOUHY AVE,Snow - Uncleared Sidewalk or Bike Lane,3/4/13 3:40 PM,1160204,1947714,2013
2600 W 63RD ST,Snow - Uncleared Sidewalk or Bike Lane,3/4/13 3:35 PM,1159737,1862776,2013
2500 W ROOSEVELT RD,Snow - Uncleared Sidewalk or Bike Lane,3/4/13 3:29 PM,1159437,1894625,2013
2600 W 63RD ST,Snow - Uncleared Sidewalk or Bike Lane,3/4/13 3:23 PM,1159898,1862780,2013
2100 W TOUHY AVE,Snow - Uncleared Sidewalk or Bike Lane,3/4/13 2:55 PM,1160204,1947714,2013
2900 N BURLING ST,Snow - Uncleared Sidewalk or Bike Lane,3/4/13 12:09 PM,1170786,1919533,2013
7500 W BRYN MAWR AVE,Snow - Uncleared Sidewalk or Bike Lane,3/4/13 11:13 AM,1125004,1936350,2013
3400 W FOSTER AVE,Snow - Uncleared Sidewalk or Bike Lane,3/4/13 8:48 AM,1152394,1934333,2013
700 S CLAREMONT AVE,Snow - Uncleared Sidewalk or Bike Lane,3/3/13 9:38 PM,1160836,1896731,2013
1600 N MONTICELLO AVE,Snow - Uncleared Sidewalk or Bike Lane,3/3/13 8:32 PM,1151794,1910771,2013
5800 W FULLERTON AVE,Snow - Uncleared Sidewalk or Bike Lane,3/3/13 4:33 PM,1137310,1915363,2013
6300 W ESTES AVE,Snow - Uncleared Sidewalk or Bike Lane,3/3/13 4:16 PM,1132966,1946764,2013
4000 N CLARK ST,Snow - Uncleared Sidewalk or Bike Lane,3/3/13 1:37 PM,1166790,1926680,2013
1700 W WRIGHTWOOD AVE,Snow - Uncleared Sidewalk or Bike Lane,3/3/13 1:15 PM,1164467,1917319,2013
10100 S LONGWOOD DR,Snow - Uncleared Sidewalk or Bike Lane,3/3/13 12:22 PM,1165358,1837179,2013
10100 S LONGWOOD DR,Snow - Uncleared Sidewalk or Bike Lane,3/3/13 12:22 PM,1165358,1837179,2013
2000 W FARGO AVE,Snow - Uncleared Sidewalk or Bike Lane,3/3/13 11:12 AM,1161270,1949268,2013
2400 W ROOSEVELT RD,Snow - Uncleared Sidewalk or Bike Lane,3/3/13 7:30 AM,1160353,1894644,2013
1900 W SCHOOL ST,Snow - Uncleared Sidewalk or Bike Lane,3/3/13 7:17 AM,1163031,1921930,2013
2700 W ROOSEVELT RD,Snow - Uncleared Sidewalk or Bike Lane,3/2/13 7:45 PM,1158447,1894604,2013
2600 W ROOSEVELT RD,Snow - Uncleared Sidewalk or Bike Lane,3/2/13 7:44 PM,1158783,1894611,2013
1100 W WELLINGTON AVE,Snow - Uncleared Sidewalk or Bike Lane,3/2/13 1:50 PM,1168013,1920069,2013
4200 N MARINE DR,Snow - Uncleared Sidewalk or Bike Lane,3/2/13 9:11 AM,1170978,1928971,2013
1100 W WELLINGTON AVE,Snow - Uncleared Sidewalk or Bike Lane,3/2/13 7:48 AM,1168013,1920069,2013
3100 E 91ST ST,Snow - Uncleared Sidewalk or Bike Lane,3/1/13 10:39 PM,1198478,1845218,2013
2500 E 72ND PL,Snow - Uncleared Sidewalk or Bike Lane,3/1/13 8:58 PM,1194350,1857362,2013
9400 S JEFFERY AVE,Snow - Uncleared Sidewalk or Bike Lane,3/1/13 6:50 PM,1191166,1842582,2013
1900 E 95TH ST,Snow - Uncleared Sidewalk or Bike Lane,3/1/13 6:49 PM,1190914,1842363,2013
1700 W CHASE AVE,Snow - Uncleared Sidewalk or Bike Lane,3/1/13 5:27 PM,1163614,1948304,2013
1300 N LAKE SHORE DR,Snow - Uncleared Sidewalk or Bike Lane,3/1/13 5:20 PM,1176891,1909590,2013
1200 N PAULINA ST,Snow - Uncleared Sidewalk or Bike Lane,3/1/13 4:43 PM,1164755,1908324,2013
1900 W BALMORAL AVE,Snow - Uncleared Sidewalk or Bike Lane,3/1/13 3:44 PM,1162840,1935884,2013
1700 W ERIE ST,Snow - Uncleared Sidewalk or Bike Lane,3/1/13 1:24 PM,1164953,1904409,2013
4100 W BYRON ST,Snow - Uncleared Sidewalk or Bike Lane,3/1/13 1:11 PM,1148456,1925613,2013
1400 N LAKE SHORE DR,Snow - Uncleared Sidewalk or Bike Lane,3/1/13 12:51 PM,1176850,1909803,2013
4100 W BYRON ST,Snow - Uncleared Sidewalk or Bike Lane,3/1/13 11:03 AM,1148456,1925613,2013
6700 W BERENICE AVE,Snow - Uncleared Sidewalk or Bike Lane,3/1/13 10:52 AM,1130836,1924651,2013
4200 N MARINE DR,Snow - Uncleared Sidewalk or Bike Lane,3/1/13 9:52 AM,1170978,1928971,2013
3500 S WESTERN BLVD,Snow - Uncleared Sidewalk or Bike Lane,3/1/13 9:41 AM,1161103,1880989,2013
700 W DIVISION ST,Snow - Uncleared Sidewalk or Bike Lane,3/1/13 9:16 AM,1170962,1908225,2013
700 W DIVISION ST,Snow - Uncleared Sidewalk or Bike Lane,3/1/13 9:16 AM,1170962,1908225,2013
700 W DIVISION ST,Snow - Uncleared Sidewalk or Bike Lane,3/1/13 9:16 AM,1170962,1908225,2013
200 W 63RD ST,Snow - Uncleared Sidewalk or Bike Lane,3/1/13 8:21 AM,1175555,1863189,2013
4700 N MALDEN ST,Snow - Uncleared Sidewalk or Bike Lane,3/1/13 7:37 AM,1166598,1931703,2013
1500 W GEORGE ST,Snow - Uncleared Sidewalk or Bike Lane,2/28/13 9:47 PM,1165541,1919334,2013
1500 W GEORGE ST,Snow - Uncleared Sidewalk or Bike Lane,2/28/13 9:44 PM,1165621,1919336,2013
2700 W ARGYLE ST,Snow - Uncleared Sidewalk or Bike Lane,2/28/13 9:27 PM,1157087,1933095,2013
2600 N DAYTON ST,Snow - Uncleared Sidewalk or Bike Lane,2/28/13 7:36 PM,1170156,1917869,2013
5900 N ELSTON AVE,Snow - Uncleared Sidewalk or Bike Lane,2/28/13 2:38 PM,1135280,1939400,2013
5900 N ELSTON AVE,Snow - Uncleared Sidewalk or Bike Lane,2/28/13 2:35 PM,1135296,1939390,2013
3400 N LAWNDALE AVE,Snow - Uncleared Sidewalk or Bike Lane,2/28/13 2:16 PM,1151113,1922703,2013
1300 S MORGAN ST,Snow - Uncleared Sidewalk or Bike Lane,2/28/13 1:52 PM,1170119,1893959,2013
4900 W CULLOM AVE,Snow - Uncleared Sidewalk or Bike Lane,2/28/13 12:20 PM,1142538,1928132,2013
500 W CHICAGO AVE,Snow - Uncleared Sidewalk or Bike Lane,2/28/13 11:50 AM,1172502,1905629,2013
4700 N MAGNOLIA AVE,Snow - Uncleared Sidewalk or Bike Lane,2/28/13 10:37 AM,1167048,1931474,2013
2600 N SHEFFIELD AVE,Snow - Uncleared Sidewalk or Bike Lane,2/28/13 10:35 AM,1169171,1917687,2013
2600 N SHEFFIELD AVE,Snow - Uncleared Sidewalk or Bike Lane,2/28/13 10:30 AM,1169170,1917741,2013
300 E WACKER DR,Snow - Uncleared Sidewalk or Bike Lane,2/28/13 10:08 AM,1178576,1902538,2013
1000 N ASHLAND AVE,Snow - Uncleared Sidewalk or Bike Lane,2/28/13 9:49 AM,1165536,1907078,2013
2200 W FOSTER AVE,Snow - Uncleared Sidewalk or Bike Lane,2/28/13 9:36 AM,1160735,1934499,2013
9500 S WESTERN AVE,Snow - Uncleared Sidewalk or Bike Lane,2/28/13 9:29 AM,1162045,1841573,2013
3800 N ST LOUIS AVE,Snow - Uncleared Sidewalk or Bike Lane,2/28/13 9:14 AM,1152369,1925501,2013
800 N LA SALLE ST,Snow - Uncleared Sidewalk or Bike Lane,2/28/13 9:14 AM,,,2013
3800 N ST LOUIS AVE,Snow - Uncleared Sidewalk or Bike Lane,2/28/13 9:13 AM,1152369,1925501,2013
1300 W FULLERTON AVE,Snow - Uncleared Sidewalk or Bike Lane,2/28/13 8:58 AM,1166907,1916061,2013
300 E 35TH ST,Snow - Uncleared Sidewalk or Bike Lane,2/28/13 8:58 AM,1178837,1881845,2013
200 E 35TH ST,Snow - Uncleared Sidewalk or Bike Lane,2/28/13 8:57 AM,1178314,1881834,2013
1300 W FULLERTON AVE,Snow - Uncleared Sidewalk or Bike Lane,2/28/13 8:55 AM,1166982,1916063,2013
3700 W 55TH PL,Snow - Uncleared Sidewalk or Bike Lane,2/28/13 8:37 AM,1152517,1867540,2013
900 W ADAMS ST,Snow - Uncleared Sidewalk or Bike Lane,2/28/13 8:10 AM,1170433,1899304,2013
1000 W DAKIN ST,Snow - Uncleared Sidewalk or Bike Lane,2/28/13 7:59 AM,1168584,1926372,2013
1000 W DAKIN ST,Snow - Uncleared Sidewalk or Bike Lane,2/28/13 7:57 AM,1168794,1926378,2013
1000 W DAKIN ST,Snow - Uncleared Sidewalk or Bike Lane,2/28/13 7:55 AM,1168807,1926378,2013
6900 W BELMONT AVE,Snow - Uncleared Sidewalk or Bike Lane,2/28/13 6:52 AM,1129866,1920496,2013
3100 N CLARK ST,Snow - Uncleared Sidewalk or Bike Lane,2/27/13 9:50 PM,1170281,1920962,2013
500 S MAPLEWOOD AVE,Snow - Uncleared Sidewalk or Bike Lane,2/27/13 9:41 PM,1159288,1897616,2013
700 S LOOMIS ST,Snow - Uncleared Sidewalk or Bike Lane,2/27/13 9:34 PM,1167164,1896823,2013
3000 W SHERWIN AVE,Snow - Uncleared Sidewalk or Bike Lane,2/27/13 8:05 PM,1154808,1948557,2013
3000 W SHERWIN AVE,Snow - Uncleared Sidewalk or Bike Lane,2/27/13 8:04 PM,1154808,1948557,2013
4800 N KIMBALL AVE,Snow - Uncleared Sidewalk or Bike Lane,2/27/13 7:42 PM,1152850,1931685,2013
4900 N KIMBALL AVE,Snow - Uncleared Sidewalk or Bike Lane,2/27/13 7:41 PM,1152823,1932616,2013
0 E SCHILLER ST,Snow - Uncleared Sidewalk or Bike Lane,2/27/13 7:04 PM,1176518,1909793,2013
0 E SCHILLER ST,Snow - Uncleared Sidewalk or Bike Lane,2/27/13 7:04 PM,1176518,1909793,2013
0 E SCHILLER ST,Snow - Uncleared Sidewalk or Bike Lane,2/27/13 7:04 PM,1176518,1909793,2013
3200 W CERMAK RD,Snow - Uncleared Sidewalk or Bike Lane,2/27/13 6:37 PM,1155356,1889199,2013
3100 W CERMAK RD,Snow - Uncleared Sidewalk or Bike Lane,2/27/13 6:29 PM,1155567,1889204,2013
2300 S KEDZIE AVE,Snow - Uncleared Sidewalk or Bike Lane,2/27/13 6:02 PM,1155396,1888165,2013
5900 N NAGLE AVE,Snow - Uncleared Sidewalk or Bike Lane,2/27/13 5:43 PM,1132608,1939197,2013
5000 N RAVENSWOOD AVE,Snow - Uncleared Sidewalk or Bike Lane,2/27/13 4:51 PM,1163462,1933427,2013
7100 N MANKATO AVE,Snow - Uncleared Sidewalk or Bike Lane,2/27/13 4:20 PM,1134880,1947000,2013
100 N WELLS ST,Snow - Uncleared Sidewalk or Bike Lane,2/27/13 3:21 PM,1174723,1900838,2013
2400 W TOUHY AVE,Snow - Uncleared Sidewalk or Bike Lane,2/27/13 2:52 PM,1159016,1947721,2013
2200 E 84TH ST,Snow - Uncleared Sidewalk or Bike Lane,2/27/13 2:29 PM,1192403,1849712,2013
3200 W CERMAK RD,Snow - Uncleared Sidewalk or Bike Lane,2/27/13 1:55 PM,1155366,1889199,2013
0 W CONGRESS PKWY,Snow - Uncleared Sidewalk or Bike Lane,2/27/13 1:51 PM,1176151,1898057,2013
3500 S RHODES AVE,Snow - Uncleared Sidewalk or Bike Lane,2/27/13 1:12 PM,1180158,1881898,2013
3100 N KENMORE AVE,Snow - Uncleared Sidewalk or Bike Lane,2/27/13 1:04 PM,1168737,1920773,2013
2000 W CULLERTON ST,Snow - Uncleared Sidewalk or Bike Lane,2/27/13 12:48 PM,1163342,1890411,2013
2000 S DAMEN AVE,Snow - Uncleared Sidewalk or Bike Lane,2/27/13 12:44 PM,1163349,1890411,2013
400 W CHICAGO AVE,Snow - Uncleared Sidewalk or Bike Lane,2/27/13 12:38 PM,1173042,1905643,2013
2500 W COYLE AVE,Snow - Uncleared Sidewalk or Bike Lane,2/27/13 12:08 PM,1158032,1946035,2013
100 E WACKER DR,Snow - Uncleared Sidewalk or Bike Lane,2/27/13 12:06 PM,1177566,1902668,2013
4300 W LAWRENCE AVE,Snow - Uncleared Sidewalk or Bike Lane,2/27/13 12:01 PM,1146401,1931545,2013
4300 W LAWRENCE AVE,Snow - Uncleared Sidewalk or Bike Lane,2/27/13 11:59 AM,1146582,1931549,2013
0 W GOETHE ST,Snow - Uncleared Sidewalk or Bike Lane,2/27/13 11:57 AM,1175526,1909045,2013
1000 W ARGYLE ST,Snow - Uncleared Sidewalk or Bike Lane,2/27/13 11:27 AM,1168727,1933596,2013
100 W ILLINOIS ST,Snow - Uncleared Sidewalk or Bike Lane,2/27/13 11:13 AM,1175021,1903577,2013
1700 N KEDZIE AVE,Snow - Uncleared Sidewalk or Bike Lane,2/27/13 11:10 AM,1154765,1911771,2013
200 W HUBBARD ST,Snow - Uncleared Sidewalk or Bike Lane,2/27/13 11:09 AM,1174612,1903274,2013
2300 W 35TH ST,Snow - Uncleared Sidewalk or Bike Lane,2/27/13 10:50 AM,1161469,1881423,2013
3900 N KEDVALE AVE,Snow - Uncleared Sidewalk or Bike Lane,2/27/13 10:45 AM,1148146,1925808,2013
3200 S RACINE AVE,Snow - Uncleared Sidewalk or Bike Lane,2/27/13 10:42 AM,1168848,1883256,2013
100 W HARRISON ST,Snow - Uncleared Sidewalk or Bike Lane,2/27/13 9:51 AM,1174968,1897632,2013
3400 N LINCOLN AVE,Snow - Uncleared Sidewalk or Bike Lane,2/27/13 9:36 AM,1164337,1922724,2013
400 S WELLS ST,Snow - Uncleared Sidewalk or Bike Lane,2/27/13 9:14 AM,1174788,1898491,2013
4500 N ELSTON AVE,Snow - Uncleared Sidewalk or Bike Lane,2/27/13 8:58 AM,1147109,1930129,2013
1400 N LAKE SHORE DR,Snow - Uncleared Sidewalk or Bike Lane,2/27/13 8:02 AM,1176850,1909803,2013
2400 W PENSACOLA AVE,Snow - Uncleared Sidewalk or Bike Lane,2/27/13 7:41 AM,1159281,1928815,2013
11700 S SANGAMON ST,Snow - Uncleared Sidewalk or Bike Lane,2/27/13 6:42 AM,1172093,1827236,2013
8800 S PRAIRIE AVE,Snow - Uncleared Sidewalk or Bike Lane,2/27/13 1:34 AM,1179583,1846337,2013
2900 N RACINE AVE,Snow - Uncleared Sidewalk or Bike Lane,2/26/13 10:57 PM,1167783,1919664,2013
2900 N SEMINARY AVE,Snow - Uncleared Sidewalk or Bike Lane,2/26/13 10:53 PM,1168444,1919672,2013
3500 S CALIFORNIA AVE,Snow - Uncleared Sidewalk or Bike Lane,2/26/13 9:58 PM,1158280,1880907,2013
6500 W SCHOOL ST,Snow - Uncleared Sidewalk or Bike Lane,2/26/13 9:54 PM,1132002,1921223,2013
3100 W MONTROSE AVE,Snow - Uncleared Sidewalk or Bike Lane,2/26/13 9:45 PM,1154639,1929073,2013
1900 W WASHBURNE AVE,Snow - Uncleared Sidewalk or Bike Lane,2/26/13 9:29 PM,1163627,1894398,2013
1900 W WASHBURNE AVE,Snow - Uncleared Sidewalk or Bike Lane,2/26/13 9:28 PM,1163627,1894398,2013
8300 W ADDISON ST,Snow - Uncleared Sidewalk or Bike Lane,2/26/13 8:34 PM,1119955,1922874,2013
2000 W SUMMERDALE AVE,Snow - Uncleared Sidewalk or Bike Lane,2/26/13 8:24 PM,1161684,1935520,2013
5900 S NEWCASTLE AVE,Snow - Uncleared Sidewalk or Bike Lane,2/26/13 7:27 PM,1131743,1864645,2013
5900 S NEWCASTLE AVE,Snow - Uncleared Sidewalk or Bike Lane,2/26/13 7:26 PM,1131743,1864645,2013
5900 S NEWCASTLE AVE,Snow - Uncleared Sidewalk or Bike Lane,2/26/13 7:26 PM,1131743,1864645,2013
1400 N ARTESIAN AVE,Snow - Uncleared Sidewalk or Bike Lane,2/26/13 6:17 PM,1159820,1909235,2013
2400 W LAWRENCE AVE,Snow - Uncleared Sidewalk or Bike Lane,2/26/13 5:58 PM,1159488,1931812,2013
3500 S WESTERN BLVD,Snow - Uncleared Sidewalk or Bike Lane,2/26/13 3:31 PM,1161103,1880989,2013
3700 W 63RD ST,Snow - Uncleared Sidewalk or Bike Lane,2/26/13 2:50 PM,1152461,1862571,2013
5700 W 63RD ST,Snow - Uncleared Sidewalk or Bike Lane,2/26/13 2:27 PM,1139092,1862196,2013
2600 S KOSTNER AVE,Snow - Uncleared Sidewalk or Bike Lane,2/26/13 2:21 PM,1147484,1886106,2013
5300 S MARYLAND AVE,Snow - Uncleared Sidewalk or Bike Lane,2/26/13 2:00 PM,1182808,1870047,2013
5300 S MARYLAND AVE,Snow - Uncleared Sidewalk or Bike Lane,2/26/13 2:00 PM,1182808,1870047,2013
1700 W ERIE ST,Snow - Uncleared Sidewalk or Bike Lane,2/26/13 10:47 AM,1164953,1904409,2013
300 E 81ST ST,Snow - Uncleared Sidewalk or Bike Lane,2/26/13 7:06 AM,1179450,1851359,2013
4700 N BEACON ST,Snow - Uncleared Sidewalk or Bike Lane,2/26/13 12:04 AM,1166221,1931504,2013
8200 W ADDISON ST,Snow - Uncleared Sidewalk or Bike Lane,2/25/13 3:34 PM,1120553,1922899,2013
400 S WELLS ST,Snow - Uncleared Sidewalk or Bike Lane,2/25/13 3:03 PM,1174788,1898491,2013
800 W MADISON ST,Snow - Uncleared Sidewalk or Bike Lane,2/25/13 2:40 PM,1171037,1900256,2013
2400 W JACKSON BLVD,Snow - Uncleared Sidewalk or Bike Lane,2/25/13 1:13 PM,1160308,1898630,2013
3400 W ADDISON ST,Snow - Uncleared Sidewalk or Bike Lane,2/25/13 1:04 PM,1153084,1923730,2013
1400 W LAWRENCE AVE,Snow - Uncleared Sidewalk or Bike Lane,2/25/13 12:33 PM,1166155,1931986,2013
200 N FRANKLIN ST,Snow - Uncleared Sidewalk or Bike Lane,2/25/13 10:43 AM,1174294,1901725,2013
3000 N CLARK ST,Snow - Uncleared Sidewalk or Bike Lane,2/25/13 9:14 AM,1170766,1920169,2013
1000 W FOSTER AVE,Snow - Uncleared Sidewalk or Bike Lane,2/25/13 7:03 AM,1168192,1934705,2013
7200 S JEFFERY BLVD,Snow - Uncleared Sidewalk or Bike Lane,2/24/13 11:36 PM,1190792,1857537,2013
800 W HUTCHINSON ST,Snow - Uncleared Sidewalk or Bike Lane,2/24/13 5:34 PM,1170136,1928500,2013
6500 N WINTHROP AVE,Snow - Uncleared Sidewalk or Bike Lane,2/24/13 5:33 PM,1167645,1944093,2013
1700 W WOLFRAM ST,Snow - Uncleared Sidewalk or Bike Lane,2/24/13 4:44 PM,1164108,1918959,2013
1700 W WOLFRAM ST,Snow - Uncleared Sidewalk or Bike Lane,2/24/13 4:43 PM,1164134,1918960,2013
2800 N PAULINA ST,Snow - Uncleared Sidewalk or Bike Lane,2/24/13 4:42 PM,1164512,1918856,2013
1700 W WOLFRAM ST,Snow - Uncleared Sidewalk or Bike Lane,2/24/13 4:41 PM,1164469,1918971,2013
1700 W WOLFRAM ST,Snow - Uncleared Sidewalk or Bike Lane,2/24/13 4:41 PM,1164469,1918971,2013
4100 W BYRON ST,Snow - Uncleared Sidewalk or Bike Lane,2/24/13 4:16 PM,1148456,1925613,2013
2600 W ROOSEVELT RD,Snow - Uncleared Sidewalk or Bike Lane,2/24/13 3:38 PM,1159043,1894616,2013
2600 W ROOSEVELT RD,Snow - Uncleared Sidewalk or Bike Lane,2/24/13 3:35 PM,1158773,1894611,2013
2700 W ROOSEVELT RD,Snow - Uncleared Sidewalk or Bike Lane,2/24/13 3:26 PM,1158447,1894604,2013
5300 W ADDISON ST,Snow - Uncleared Sidewalk or Bike Lane,2/24/13 2:00 PM,1140202,1923420,2013
11600 S HALSTED ST,Snow - Uncleared Sidewalk or Bike Lane,2/24/13 1:58 PM,1173075,1827703,2013
4300 N RICHMOND ST,Snow - Uncleared Sidewalk or Bike Lane,2/24/13 1:35 PM,1155936,1928648,2013
2000 W MELROSE ST,Snow - Uncleared Sidewalk or Bike Lane,2/24/13 12:22 PM,1162101,1921575,2013
2600 W HIRSCH ST,Snow - Uncleared Sidewalk or Bike Lane,2/24/13 12:21 PM,1158380,1909207,2013
5600 N RIDGE AVE,Snow - Uncleared Sidewalk or Bike Lane,2/24/13 11:04 AM,1166563,1937937,2013
4500 N ELSTON AVE,Snow - Uncleared Sidewalk or Bike Lane,2/24/13 10:10 AM,1147109,1930129,2013
8300 S STATE ST,Snow - Uncleared Sidewalk or Bike Lane,2/24/13 9:26 AM,1177738,1849976,2013
1400 W HENDERSON ST,Snow - Uncleared Sidewalk or Bike Lane,2/24/13 9:04 AM,1165990,1922338,2013
300 W MONTROSE DR,Snow - Uncleared Sidewalk or Bike Lane,2/23/13 9:58 PM,1173115,1930086,2013
1400 N LAKE SHORE DR,Snow - Uncleared Sidewalk or Bike Lane,2/23/13 6:19 PM,1176850,1909803,2013
6600 N ROCKWELL ST,Snow - Uncleared Sidewalk or Bike Lane,2/23/13 5:39 PM,1157789,1943831,2013
2000 W MELROSE ST,Snow - Uncleared Sidewalk or Bike Lane,2/23/13 4:00 PM,1162101,1921575,2013
3000 S LLOYD AVE,Snow - Uncleared Sidewalk or Bike Lane,2/23/13 2:40 PM,1167899,1884820,2013
1200 S WABASH AVE,Snow - Uncleared Sidewalk or Bike Lane,2/23/13 2:24 PM,1176961,1894947,2013
4700 N WESTERN AVE,Snow - Uncleared Sidewalk or Bike Lane,2/23/13 2:16 PM,1159521,1931136,2013
7100 W GRACE ST,Snow - Uncleared Sidewalk or Bike Lane,2/23/13 2:14 PM,1127915,1924424,2013
3000 S MILLARD AVE,Snow - Uncleared Sidewalk or Bike Lane,2/23/13 2:11 PM,1152521,1884094,2013
2100 N DAYTON ST,Snow - Uncleared Sidewalk or Bike Lane,2/23/13 2:08 PM,1170271,1914419,2013
2100 N DAYTON ST,Snow - Uncleared Sidewalk or Bike Lane,2/23/13 1:59 PM,1170271,1914412,2013
8400 S PAULINA ST,Snow - Uncleared Sidewalk or Bike Lane,2/23/13 1:10 PM,1166481,1848704,2013
1600 W CATALPA AVE,Snow - Uncleared Sidewalk or Bike Lane,2/23/13 12:09 PM,1164446,1936595,2013
4400 S SAWYER AVE,Snow - Uncleared Sidewalk or Bike Lane,2/23/13 12:05 PM,1155430,1875213,2013
2100 N FREMONT ST,Snow - Uncleared Sidewalk or Bike Lane,2/23/13 12:02 PM,1169946,1914289,2013
2900 N RACINE AVE,Snow - Uncleared Sidewalk or Bike Lane,2/23/13 11:13 AM,1167792,1919409,2013
2900 N RACINE AVE,Snow - Uncleared Sidewalk or Bike Lane,2/23/13 10:55 AM,1167788,1919515,2013
2300 S KEDZIE AVE,Snow - Uncleared Sidewalk or Bike Lane,2/23/13 9:41 AM,1155396,1888165,2013
3200 W CERMAK RD,Snow - Uncleared Sidewalk or Bike Lane,2/23/13 9:37 AM,1155356,1889199,2013
1800 W NEWPORT AVE,Snow - Uncleared Sidewalk or Bike Lane,2/23/13 9:18 AM,1163493,1922936,2013
5600 S KENNETH AVE,Snow - Uncleared Sidewalk or Bike Lane,2/23/13 8:49 AM,1147660,1866831,2013
7200 W BELMONT AVE,Snow - Uncleared Sidewalk or Bike Lane,2/23/13 8:35 AM,1127522,1920436,2013
900 W WRIGHTWOOD AVE,Snow - Uncleared Sidewalk or Bike Lane,2/23/13 7:48 AM,1169763,1917470,2013
2300 W 18TH PL,Snow - Uncleared Sidewalk or Bike Lane,2/23/13 6:49 AM,1160979,1891021,2013
5800 N CUMBERLAND AVE,Snow - Uncleared Sidewalk or Bike Lane,2/23/13 6:44 AM,1119306,1937504,2013
5800 N CUMBERLAND AVE,Snow - Uncleared Sidewalk or Bike Lane,2/23/13 6:39 AM,1119306,1937504,2013
2000 N DAYTON ST,Snow - Uncleared Sidewalk or Bike Lane,2/23/13 5:19 AM,1170298,1913609,2013
2000 N DAYTON ST,Snow - Uncleared Sidewalk or Bike Lane,2/23/13 5:19 AM,1170298,1913609,2013
2000 N DAYTON ST,Snow - Uncleared Sidewalk or Bike Lane,2/23/13 5:19 AM,1170298,1913609,2013
2000 N DAYTON ST,Snow - Uncleared Sidewalk or Bike Lane,2/23/13 5:18 AM,1170298,1913609,2013
1400 W SCHOOL ST,Snow - Uncleared Sidewalk or Bike Lane,2/22/13 10:40 PM,1166386,1922016,2013
2600 W PERSHING RD,Snow - Uncleared Sidewalk or Bike Lane,2/22/13 10:11 PM,1159283,1878691,2013
3000 S CANAL ST,Snow - Uncleared Sidewalk or Bike Lane,2/22/13 9:41 PM,1173778,1885046,2013
2800 W 21ST ST,Snow - Uncleared Sidewalk or Bike Lane,2/22/13 9:40 PM,1157413,1889927,2013
6100 N KENMORE AVE,Snow - Uncleared Sidewalk or Bike Lane,2/22/13 9:14 PM,1168124,1941063,2013
400 W CHICAGO AVE,Snow - Uncleared Sidewalk or Bike Lane,2/22/13 8:07 PM,1172598,1905631,2013
10500 S ARTESIAN AVE,Snow - Uncleared Sidewalk or Bike Lane,2/22/13 7:37 PM,1161906,1834744,2013
5400 N HARLEM AVE,Snow - Uncleared Sidewalk or Bike Lane,2/22/13 7:29 PM,1127364,1935266,2013
5400 N HARLEM AVE,Snow - Uncleared Sidewalk or Bike Lane,2/22/13 7:28 PM,1127364,1935266,2013
8400 S PULASKI RD,Snow - Uncleared Sidewalk or Bike Lane,2/22/13 7:23 PM,1151209,1848166,2013
8400 S PULASKI RD,Snow - Uncleared Sidewalk or Bike Lane,2/22/13 7:14 PM,1151209,1848166,2013
1000 W WINONA ST,Snow - Uncleared Sidewalk or Bike Lane,2/22/13 6:48 PM,1168295,1934301,2013
1000 W WINONA ST,Snow - Uncleared Sidewalk or Bike Lane,2/22/13 6:47 PM,1168307,1934302,2013
500 W STRATFORD PL,Snow - Uncleared Sidewalk or Bike Lane,2/22/13 6:21 PM,1171638,1923394,2013
1300 W FULLERTON AVE,Snow - Uncleared Sidewalk or Bike Lane,2/22/13 6:17 PM,1166982,1916063,2013
7300 N ASHLAND BLVD,Snow - Uncleared Sidewalk or Bike Lane,2/22/13 6:10 PM,1164430,1948912,2013
1000 N MARSHFIELD AVE,Snow - Uncleared Sidewalk or Bike Lane,2/22/13 6:05 PM,1165191,1907470,2013
300 S CANAL ST,Snow - Uncleared Sidewalk or Bike Lane,2/22/13 6:01 PM,1173186,1898913,2013
1400 W HENDERSON ST,Snow - Uncleared Sidewalk or Bike Lane,2/22/13 5:51 PM,1165990,1922338,2013
4100 N WOLCOTT AVE,Snow - Uncleared Sidewalk or Bike Lane,2/22/13 5:50 PM,1162929,1927663,2013
2100 S UNION AVE,Snow - Uncleared Sidewalk or Bike Lane,2/22/13 5:48 PM,1171866,1889915,2013
1300 W HURON ST,Snow - Uncleared Sidewalk or Bike Lane,2/22/13 5:35 PM,1167298,1904808,2013
800 E 87TH ST,Snow - Uncleared Sidewalk or Bike Lane,2/22/13 5:19 PM,1183775,1847486,2013
800 E 87TH ST,Snow - Uncleared Sidewalk or Bike Lane,2/22/13 5:18 PM,1183765,1847485,2013
600 W HARRISON ST,Snow - Uncleared Sidewalk or Bike Lane,2/22/13 5:07 PM,1172297,1897565,2013
4500 N ELSTON AVE,Snow - Uncleared Sidewalk or Bike Lane,2/22/13 5:06 PM,1147134,1930106,2013
600 N DEARBORN ST,Snow - Uncleared Sidewalk or Bike Lane,2/22/13 4:56 PM,1175821,1904714,2013
2700 S SPAULDING AVE,Snow - Uncleared Sidewalk or Bike Lane,2/22/13 4:54 PM,1154799,1885870,2013
1400 N ARTESIAN AVE,Snow - Uncleared Sidewalk or Bike Lane,2/22/13 4:52 PM,1159820,1909242,2013
2100 W JACKSON BLVD,Snow - Uncleared Sidewalk or Bike Lane,2/22/13 4:50 PM,1162058,1898672,2013
1400 N ARTESIAN AVE,Snow - Uncleared Sidewalk or Bike Lane,2/22/13 4:48 PM,1159820,1909242,2013
1400 N ARTESIAN AVE,Snow - Uncleared Sidewalk or Bike Lane,2/22/13 4:47 PM,1159820,1909242,2013
1400 N ARTESIAN AVE,Snow - Uncleared Sidewalk or Bike Lane,2/22/13 4:47 PM,1159820,1909242,2013
700 W CHICAGO AVE,Snow - Uncleared Sidewalk or Bike Lane,2/22/13 4:42 PM,1170904,1905583,2013
600 W 43RD ST,Snow - Uncleared Sidewalk or Bike Lane,2/22/13 4:11 PM,1172642,1876386,2013
1700 E 86TH PL,Snow - Uncleared Sidewalk or Bike Lane,2/22/13 3:47 PM,1189099,1847962,2013
12600 S WALLACE ST,Snow - Uncleared Sidewalk or Bike Lane,2/22/13 3:45 PM,1174618,1820864,2013
600 W 127TH ST,Snow - Uncleared Sidewalk or Bike Lane,2/22/13 3:44 PM,1174612,1820653,2013
1800 W NEWPORT AVE,Snow - Uncleared Sidewalk or Bike Lane,2/22/13 3:37 PM,1163493,1922936,2013
6900 W ARCHER AVE,Snow - Uncleared Sidewalk or Bike Lane,2/22/13 3:11 PM,1130967,1867286,2013
2700 N ELSTON AVE,Snow - Uncleared Sidewalk or Bike Lane,2/22/13 2:55 PM,1160567,1917929,2013
5500 S RUTHERFORD AVE,Snow - Uncleared Sidewalk or Bike Lane,2/22/13 2:02 PM,1132325,1867142,2013
5000 S ARCHER AVE,Snow - Uncleared Sidewalk or Bike Lane,2/22/13 1:23 PM,1149760,1870750,2013
4800 S ARCHER AVE,Snow - Uncleared Sidewalk or Bike Lane,2/22/13 1:23 PM,1152205,1872530,2013
1700 N KEDZIE AVE,Snow - Uncleared Sidewalk or Bike Lane,2/22/13 1:09 PM,1154765,1911771,2013
100 N WELLS ST,Snow - Uncleared Sidewalk or Bike Lane,2/22/13 1:00 PM,1174723,1900838,2013
2500 W CULLOM AVE,Snow - Uncleared Sidewalk or Bike Lane,2/22/13 12:41 PM,1158595,1928467,2013
4700 N MAGNOLIA AVE,Snow - Uncleared Sidewalk or Bike Lane,2/22/13 12:38 PM,1167048,1931474,2013
3800 N ST LOUIS AVE,Snow - Uncleared Sidewalk or Bike Lane,2/22/13 12:25 PM,1152369,1925501,2013
3800 N ST LOUIS AVE,Snow - Uncleared Sidewalk or Bike Lane,2/22/13 12:23 PM,1152369,1925501,2013
500 W SURF ST,Snow - Uncleared Sidewalk or Bike Lane,2/22/13 12:23 PM,1172268,1919402,2013
3400 N BROADWAY ,Snow - Uncleared Sidewalk or Bike Lane,2/22/13 12:05 PM,1171379,1923088,2013
5500 S RUTHERFORD AVE,Snow - Uncleared Sidewalk or Bike Lane,2/22/13 11:55 AM,1132325,1867142,2013
4500 N ELSTON AVE,Snow - Uncleared Sidewalk or Bike Lane,2/22/13 11:50 AM,1147109,1930129,2013
6600 W ARCHER AVE,Snow - Uncleared Sidewalk or Bike Lane,2/22/13 11:39 AM,1132865,1867346,2013
6200 W DEVON AVE,Snow - Uncleared Sidewalk or Bike Lane,2/22/13 11:36 AM,1133884,1942124,2013
100 N WELLS ST,Snow - Uncleared Sidewalk or Bike Lane,2/22/13 11:22 AM,1174723,1900838,2013
2600 N TROY ST,Snow - Uncleared Sidewalk or Bike Lane,2/22/13 11:16 AM,1154926,1917321,2013
300 N CANAL ST,Snow - Uncleared Sidewalk or Bike Lane,2/22/13 11:16 AM,1173042,1902922,2013
3100 W LOGAN BLVD,Snow - Uncleared Sidewalk or Bike Lane,2/22/13 11:02 AM,1154960,1917247,2013
2600 N MILWAUKEE AVE,Snow - Uncleared Sidewalk or Bike Lane,2/22/13 10:59 AM,1154587,1917355,2013
2700 N HAMPDEN CT,Snow - Uncleared Sidewalk or Bike Lane,2/22/13 10:42 AM,1172463,1918219,2013
100 N WELLS ST,Snow - Uncleared Sidewalk or Bike Lane,2/22/13 10:42 AM,1174723,1900838,2013
3700 W 63RD ST,Snow - Uncleared Sidewalk or Bike Lane,2/22/13 10:33 AM,1152792,1862580,2013
1300 E 50TH ST,Snow - Uncleared Sidewalk or Bike Lane,2/22/13 10:32 AM,1185729,1872109,2013
7100 S CORNELL AVE,Snow - Uncleared Sidewalk or Bike Lane,2/22/13 10:30 AM,1188465,1858110,2013
1200 W ROOSEVELT RD,Snow - Uncleared Sidewalk or Bike Lane,2/22/13 10:27 AM,1168556,1894850,2013
100 W EUGENIE ST,Snow - Uncleared Sidewalk or Bike Lane,2/22/13 10:25 AM,1174588,1911625,2013
2300 N RUTHERFORD AVE,Snow - Uncleared Sidewalk or Bike Lane,2/22/13 10:13 AM,1131082,1914960,2013
2400 W LAWRENCE AVE,Snow - Uncleared Sidewalk or Bike Lane,2/22/13 10:09 AM,1159488,1931812,2013
4800 W 47TH ST,Snow - Uncleared Sidewalk or Bike Lane,2/22/13 10:01 AM,1144762,1873030,2013
4800 W 47TH ST,Snow - Uncleared Sidewalk or Bike Lane,2/22/13 9:41 AM,1144762,1873030,2013
6200 S ARCHER AVE,Snow - Uncleared Sidewalk or Bike Lane,2/22/13 9:25 AM,1136285,1867890,2013
7100 W ARCHER AVE,Snow - Uncleared Sidewalk or Bike Lane,2/22/13 9:09 AM,1129403,1867225,2013
1900 S DAMEN AVE,Snow - Uncleared Sidewalk or Bike Lane,2/22/13 9:04 AM,1163346,1890522,2013
1200 W LELAND AVE,Snow - Uncleared Sidewalk or Bike Lane,2/22/13 9:00 AM,1166996,1931344,2013
3300 N KENMORE AVE,Snow - Uncleared Sidewalk or Bike Lane,2/22/13 8:59 AM,1168689,1922285,2013
400 N LA SALLE DR,Snow - Uncleared Sidewalk or Bike Lane,2/22/13 8:33 AM,1175060,1903329,2013
200 W HUBBARD ST,Snow - Uncleared Sidewalk or Bike Lane,2/22/13 8:31 AM,1174604,1903274,2013
1400 N ARTESIAN AVE,Snow - Uncleared Sidewalk or Bike Lane,2/22/13 8:18 AM,1159820,1909235,2013
1400 N ARTESIAN AVE,Snow - Uncleared Sidewalk or Bike Lane,2/22/13 8:16 AM,1159820,1909235,2013
1400 N ARTESIAN AVE,Snow - Uncleared Sidewalk or Bike Lane,2/22/13 8:13 AM,1159820,1909242,2013
1500 N DAYTON ST,Snow - Uncleared Sidewalk or Bike Lane,2/22/13 7:55 AM,1170399,1910333,2013
700 N HALSTED ST,Snow - Uncleared Sidewalk or Bike Lane,2/22/13 7:54 AM,1170908,1905468,2013
8300 W ADDISON ST,Snow - Uncleared Sidewalk or Bike Lane,2/22/13 7:41 AM,1119955,1922874,2013
8300 W ADDISON ST,Snow - Uncleared Sidewalk or Bike Lane,2/22/13 7:28 AM,1119955,1922874,2013
4800 N LINCOLN AVE,Snow - Uncleared Sidewalk or Bike Lane,2/22/13 6:55 AM,1159381,1932302,2013
6500 N KEDZIE AVE,Snow - Uncleared Sidewalk or Bike Lane,2/22/13 6:49 AM,1153853,1943246,2013
3700 W MCLEAN AVE,Snow - Uncleared Sidewalk or Bike Lane,2/22/13 6:31 AM,1151374,1913368,2013
3700 W MCLEAN AVE,Snow - Uncleared Sidewalk or Bike Lane,2/22/13 6:31 AM,1151374,1913368,2013
9300 S STONY ISLAND AVE,Snow - Uncleared Sidewalk or Bike Lane,2/19/13 5:03 PM,1188416,1843613,2013
6600 S COTTAGE GROVE AVE,Snow - Uncleared Sidewalk or Bike Lane,2/19/13 4:41 PM,1182696,1861426,2013
3000 N HARLEM AVE,Snow - Uncleared Sidewalk or Bike Lane,2/19/13 1:42 PM,1127552,1919507,2013
3100 W LAWRENCE AVE,Snow - Uncleared Sidewalk or Bike Lane,2/19/13 8:49 AM,1154453,1931719,2013
600 W FULLERTON PKWY,Snow - Uncleared Sidewalk or Bike Lane,2/16/13 12:06 AM,1171587,1916200,2013
600 W STRATFORD PL,Snow - Uncleared Sidewalk or Bike Lane,2/13/13 3:46 PM,1171613,1923382,2013
5400 N HARLEM AV IB JFK ER,Snow - Uncleared Sidewalk or Bike Lane,2/11/13 6:31 PM,,,2013
5400 N HARLEM AV IB JFK ER,Snow - Uncleared Sidewalk or Bike Lane,2/11/13 6:31 PM,,,2013
7100 N OSCEOLA AVE,Snow - Uncleared Sidewalk or Bike Lane,2/11/13 4:31 PM,1125866,1946956,2013
4400 N MOZART ST,Snow - Uncleared Sidewalk or Bike Lane,2/11/13 11:27 AM,1156576,1929500,2013
4400 N MANOR AVE,Snow - Uncleared Sidewalk or Bike Lane,2/11/13 10:55 AM,1157168,1929585,2013
2700 W SUNNYSIDE AVE,Snow - Uncleared Sidewalk or Bike Lane,2/11/13 10:49 AM,1157212,1929779,2013
4400 N MANOR AVE,Snow - Uncleared Sidewalk or Bike Lane,2/11/13 10:37 AM,1157168,1929585,2013
7600 S RHODES AVE,Snow - Uncleared Sidewalk or Bike Lane,2/10/13 10:17 PM,1181222,1854693,2013
1800 W CORNELIA AVE,Snow - Uncleared Sidewalk or Bike Lane,2/10/13 7:18 PM,1163391,1923264,2013
1800 W WAVELAND AVE,Snow - Uncleared Sidewalk or Bike Lane,2/10/13 5:54 PM,1163257,1924595,2013
1300 W CARMEN AVE,Snow - Uncleared Sidewalk or Bike Lane,2/10/13 5:40 PM,1166452,1934034,2013
1300 W CARMEN AVE,Snow - Uncleared Sidewalk or Bike Lane,2/10/13 5:36 PM,1166439,1934034,2013
1300 W CARMEN AVE,Snow - Uncleared Sidewalk or Bike Lane,2/10/13 5:29 PM,1166374,1934032,2013
1400 S MORGAN ST,Snow - Uncleared Sidewalk or Bike Lane,2/10/13 4:33 PM,1170130,1893588,2013
1300 S MORGAN ST,Snow - Uncleared Sidewalk or Bike Lane,2/10/13 4:32 PM,1170116,1894069,2013
1300 S MORGAN ST,Snow - Uncleared Sidewalk or Bike Lane,2/10/13 4:32 PM,1170116,1894069,2013
4700 N MALDEN ST,Snow - Uncleared Sidewalk or Bike Lane,2/10/13 3:36 PM,1166598,1931703,2013
2500 W ROOSEVELT RD,Snow - Uncleared Sidewalk or Bike Lane,2/10/13 3:35 PM,1159897,1894634,2013
1600 W FARWELL AVE,Snow - Uncleared Sidewalk or Bike Lane,2/10/13 3:25 PM,1163948,1945682,2013
1600 W FARWELL AVE,Snow - Uncleared Sidewalk or Bike Lane,2/10/13 3:20 PM,1163985,1945683,2013
2500 W ROOSEVELT RD,Snow - Uncleared Sidewalk or Bike Lane,2/10/13 3:16 PM,1159540,1894627,2013
5600 N KIMBALL AVE,Snow - Uncleared Sidewalk or Bike Lane,2/10/13 3:15 PM,1152695,1937361,2013
5600 N KIMBALL AVE,Snow - Uncleared Sidewalk or Bike Lane,2/10/13 3:14 PM,1152696,1937335,2013
5000 N KENMORE AVE,Snow - Uncleared Sidewalk or Bike Lane,2/10/13 3:08 PM,1168339,1933795,2013
1000 W WINONA ST,Snow - Uncleared Sidewalk or Bike Lane,2/10/13 3:04 PM,1168307,1934302,2013
1700 W BARRY AVE,Snow - Uncleared Sidewalk or Bike Lane,2/10/13 2:34 PM,1164364,1920633,2013
2100 W WILSON AVE,Snow - Uncleared Sidewalk or Bike Lane,2/10/13 1:07 PM,1161217,1930521,2013
2100 W WILSON AVE,Snow - Uncleared Sidewalk or Bike Lane,2/10/13 1:06 PM,1161247,1930523,2013
4500 N SEELEY AVE,Snow - Uncleared Sidewalk or Bike Lane,2/10/13 1:04 PM,1161752,1930243,2013
2000 W WILSON AVE,Snow - Uncleared Sidewalk or Bike Lane,2/10/13 1:02 PM,1162088,1930548,2013
2000 W WILSON AVE,Snow - Uncleared Sidewalk or Bike Lane,2/10/13 1:02 PM,1162088,1930548,2013
2000 W WILSON AVE,Snow - Uncleared Sidewalk or Bike Lane,2/10/13 1:01 PM,1162052,1930547,2013
2000 W WILSON AVE,Snow - Uncleared Sidewalk or Bike Lane,2/10/13 1:00 PM,1162044,1930546,2013
900 W WINONA ST,Snow - Uncleared Sidewalk or Bike Lane,2/10/13 12:34 PM,1169189,1934327,2013
2100 W WILSON AVE,Snow - Uncleared Sidewalk or Bike Lane,2/10/13 10:58 AM,1161047,1930510,2013
2200 W WILSON AVE,Snow - Uncleared Sidewalk or Bike Lane,2/10/13 10:42 AM,1160518,1930480,2013
2300 N KEDZIE BLVD,Snow - Uncleared Sidewalk or Bike Lane,2/10/13 9:53 AM,1154649,1915397,2013
2300 N KEDZIE BLVD,Snow - Uncleared Sidewalk or Bike Lane,2/10/13 9:51 AM,1154650,1915363,2013
3800 N SHEFFIELD AVE,Snow - Uncleared Sidewalk or Bike Lane,2/10/13 8:39 AM,1168915,1925762,2013
1000 W DAKIN ST,Snow - Uncleared Sidewalk or Bike Lane,2/10/13 8:19 AM,1168794,1926378,2013
1000 W DAKIN ST,Snow - Uncleared Sidewalk or Bike Lane,2/10/13 8:17 AM,1168807,1926378,2013
1900 E 72ND ST,Snow - Uncleared Sidewalk or Bike Lane,2/10/13 8:16 AM,1190607,1857619,2013
1100 W WELLINGTON AVE,Snow - Uncleared Sidewalk or Bike Lane,2/10/13 7:44 AM,1168013,1920069,2013
5100 N CLAREMONT AVE,Snow - Uncleared Sidewalk or Bike Lane,2/9/13 9:09 PM,1159755,1934040,2013
5100 N CLAREMONT AVE,Snow - Uncleared Sidewalk or Bike Lane,2/9/13 9:08 PM,1159755,1934040,2013
5100 N CLAREMONT AVE,Snow - Uncleared Sidewalk or Bike Lane,2/9/13 8:56 PM,1159755,1934040,2013
600 W STRATFORD PL,Snow - Uncleared Sidewalk or Bike Lane,2/9/13 7:46 PM,1171613,1923382,2013
600 W STRATFORD PL,Snow - Uncleared Sidewalk or Bike Lane,2/9/13 7:44 PM,1171613,1923382,2013
4800 N WINCHESTER AVE,Snow - Uncleared Sidewalk or Bike Lane,2/9/13 7:03 PM,1162537,1932269,2013
5000 N SPRINGFIELD AVE,Snow - Uncleared Sidewalk or Bike Lane,2/9/13 6:47 PM,1149478,1933169,2013
6500 N LAKEWOOD AVE,Snow - Uncleared Sidewalk or Bike Lane,2/9/13 6:03 PM,1166317,1943769,2013
5300 N ASHLAND AVE,Snow - Uncleared Sidewalk or Bike Lane,2/9/13 5:13 PM,1164699,1935540,2013
4700 N MALDEN ST,Snow - Uncleared Sidewalk or Bike Lane,2/9/13 4:53 PM,1166598,1931703,2013
4700 N BEACON ST,Snow - Uncleared Sidewalk or Bike Lane,2/9/13 4:52 PM,1166195,1931691,2013
4700 N BEACON ST,Snow - Uncleared Sidewalk or Bike Lane,2/9/13 4:51 PM,1166196,1931685,2013
4700 N BEACON ST,Snow - Uncleared Sidewalk or Bike Lane,2/9/13 4:50 PM,1166198,1931671,2013
0 W CONGRESS PKWY,Snow - Uncleared Sidewalk or Bike Lane,2/9/13 4:05 PM,1176151,1898057,2013
800 W HUTCHINSON ST,Snow - Uncleared Sidewalk or Bike Lane,2/9/13 3:47 PM,1169954,1928494,2013
5900 N MAPLEWOOD AVE,Snow - Uncleared Sidewalk or Bike Lane,2/9/13 3:27 PM,1158256,1939296,2013
5500 N WAYNE AVE,Snow - Uncleared Sidewalk or Bike Lane,2/9/13 3:06 PM,1166306,1937024,2013
2400 N ASHLAND AVE,Snow - Uncleared Sidewalk or Bike Lane,2/9/13 1:22 PM,1165253,1916468,2013
200 W HUBBARD ST,Snow - Uncleared Sidewalk or Bike Lane,2/9/13 1:07 PM,1174658,1903275,2013
3100 N LAKE SHORE DR,Snow - Uncleared Sidewalk or Bike Lane,2/9/13 11:59 AM,1173510,1920944,2013
4300 W IRVING PARK RD,Snow - Uncleared Sidewalk or Bike Lane,2/9/13 11:52 AM,1146514,1926226,2013
1100 S LOOMIS ST,Snow - Uncleared Sidewalk or Bike Lane,2/9/13 11:26 AM,1167224,1894810,2013
3700 N WILTON AVE,Snow - Uncleared Sidewalk or Bike Lane,2/9/13 10:45 AM,1169260,1925214,2013
1000 W GRANVILLE AVE,Snow - Uncleared Sidewalk or Bike Lane,2/9/13 10:31 AM,1168115,1941346,2013
3400 S HALSTED ST,Snow - Uncleared Sidewalk or Bike Lane,2/9/13 10:24 AM,1171529,1882171,2013
600 W PATTERSON AVE,Snow - Uncleared Sidewalk or Bike Lane,2/9/13 10:13 AM,1171072,1924660,2013
2800 S LOWE AVE,Snow - Uncleared Sidewalk or Bike Lane,2/9/13 9:54 AM,1172423,1885943,2013
3500 W MONTROSE AVE,Snow - Uncleared Sidewalk or Bike Lane,2/9/13 9:50 AM,1152126,1929017,2013
3800 N ALTA VISTA TER,Snow - Uncleared Sidewalk or Bike Lane,2/9/13 9:21 AM,1168357,1925758,2013
7900 S STATE ST,Snow - Uncleared Sidewalk or Bike Lane,2/9/13 9:15 AM,1177665,1852335,2013
3100 N CENTRAL AVE,Snow - Uncleared Sidewalk or Bike Lane,2/9/13 9:05 AM,1138484,1920321,2013
700 N LOREL AVE,Snow - Uncleared Sidewalk or Bike Lane,2/9/13 8:27 AM,1140549,1904112,2013
3200 S RACINE AVE,Snow - Uncleared Sidewalk or Bike Lane,2/9/13 7:46 AM,1168848,1883256,2013
800 N LA SALLE DR,Snow - Uncleared Sidewalk or Bike Lane,2/8/13 9:42 PM,1174983,1906233,2013
5900 N NAGLE AVE,Snow - Uncleared Sidewalk or Bike Lane,2/8/13 9:38 PM,1132608,1939197,2013
1900 W WINNEMAC AVE,Snow - Uncleared Sidewalk or Bike Lane,2/8/13 7:13 PM,1162443,1933534,2013
7200 N OAKLEY AVE,Snow - Uncleared Sidewalk or Bike Lane,2/8/13 7:05 PM,1159747,1947724,2013
800 S WELLS ST,Snow - Uncleared Sidewalk or Bike Lane,2/8/13 5:34 PM,1174837,1896701,2013
1200 W WINNEMAC AVE,Snow - Uncleared Sidewalk or Bike Lane,2/8/13 5:33 PM,1166967,1933693,2013
7800 S WOOD ST,Snow - Uncleared Sidewalk or Bike Lane,2/8/13 5:31 PM,1165711,1852715,2013
4400 N RACINE AVE,Snow - Uncleared Sidewalk or Bike Lane,2/8/13 5:29 PM,1167492,1929474,2013
4400 N RACINE AVE,Snow - Uncleared Sidewalk or Bike Lane,2/8/13 5:28 PM,1167494,1929360,2013
4800 S CALUMET AVE,Snow - Uncleared Sidewalk or Bike Lane,2/8/13 5:08 PM,1179243,1873262,2013
1400 N CICERO AVE,Snow - Uncleared Sidewalk or Bike Lane,2/8/13 5:08 PM,1144120,1908879,2013
4900 S HONORE ST,Snow - Uncleared Sidewalk or Bike Lane,2/8/13 5:03 PM,1164847,1872087,2013
5200 S KEDZIE AVE,Snow - Uncleared Sidewalk or Bike Lane,2/8/13 4:48 PM,1155936,1869643,2013
4500 S DREXEL BLVD,Snow - Uncleared Sidewalk or Bike Lane,2/8/13 4:24 PM,1183079,1875340,2013
7800 S MARQUETTE AVE,Snow - Uncleared Sidewalk or Bike Lane,2/8/13 4:23 PM,1195682,1853505,2013
7700 S BURNHAM AVE,Snow - Uncleared Sidewalk or Bike Lane,2/8/13 4:20 PM,1196065,1854203,2013
600 W SURF ST,Snow - Uncleared Sidewalk or Bike Lane,2/8/13 4:19 PM,1171560,1919606,2013
800 W 107TH ST,Snow - Uncleared Sidewalk or Bike Lane,2/8/13 3:44 PM,1172879,1833897,2013
2400 W MOFFAT ST,Snow - Uncleared Sidewalk or Bike Lane,2/8/13 3:27 PM,1160073,1912225,2013
1400 W BRYN MAWR AVE,Snow - Uncleared Sidewalk or Bike Lane,2/8/13 2:45 PM,1165811,1937300,2013
5500 W ADAMS ST,Snow - Uncleared Sidewalk or Bike Lane,2/8/13 2:42 PM,1139223,1898775,2013
5500 W ADAMS ST,Snow - Uncleared Sidewalk or Bike Lane,2/8/13 2:42 PM,1139354,1898778,2013
5500 W ADAMS ST,Snow - Uncleared Sidewalk or Bike Lane,2/8/13 2:41 PM,1139419,1898780,2013
5500 W ADAMS ST,Snow - Uncleared Sidewalk or Bike Lane,2/8/13 2:41 PM,1139636,1898785,2013
5500 W ADAMS ST,Snow - Uncleared Sidewalk or Bike Lane,2/8/13 2:41 PM,1139745,1898788,2013
5500 W ADAMS ST,Snow - Uncleared Sidewalk or Bike Lane,2/8/13 2:41 PM,1139854,1898790,2013
5500 W ADAMS ST,Snow - Uncleared Sidewalk or Bike Lane,2/8/13 2:41 PM,1139897,1898791,2013
4100 S HALSTED ST,Snow - Uncleared Sidewalk or Bike Lane,2/8/13 2:20 PM,1171662,1877275,2013
300 W 42ND PL,Snow - Uncleared Sidewalk or Bike Lane,2/8/13 2:19 PM,1174333,1876769,2013
4200 S NORMAL AVE,Snow - Uncleared Sidewalk or Bike Lane,2/8/13 2:18 PM,1173660,1877076,2013
4600 N BROADWAY ,Snow - Uncleared Sidewalk or Bike Lane,2/8/13 1:52 PM,1167780,1931277,2013
6100 N SEELEY AVE,Snow - Uncleared Sidewalk or Bike Lane,2/8/13 1:46 PM,1161560,1940311,2013
8500 S CICERO AVE,Snow - Uncleared Sidewalk or Bike Lane,2/8/13 12:50 PM,1145936,1847077,2013
3400 W HARRISON ST,Snow - Uncleared Sidewalk or Bike Lane,2/8/13 12:20 PM,1153802,1897155,2013
1000 W CATALPA AVE,Snow - Uncleared Sidewalk or Bike Lane,2/8/13 11:23 AM,1168212,1936704,2013
400 N LA SALLE DR,Snow - Uncleared Sidewalk or Bike Lane,2/8/13 11:22 AM,1175060,1903329,2013
1300 W ESTES AVE,Snow - Uncleared Sidewalk or Bike Lane,2/8/13 11:10 AM,1166289,1947530,2013
1500 N LARRABEE ST,Snow - Uncleared Sidewalk or Bike Lane,2/8/13 11:03 AM,1172036,1910920,2013
4600 N BROADWAY ,Snow - Uncleared Sidewalk or Bike Lane,2/8/13 10:33 AM,1168057,1930707,2013
7800 S WOOD ST,Snow - Uncleared Sidewalk or Bike Lane,2/8/13 10:01 AM,1165711,1852715,2013
0 S ARCHER AVE,Snow - Uncleared Sidewalk or Bike Lane,2/8/13 9:40 AM,,,2013
1200 W NORTH AVE,Snow - Uncleared Sidewalk or Bike Lane,2/8/13 9:21 AM,1168026,1910798,2013
1400 N ARTESIAN AVE,Snow - Uncleared Sidewalk or Bike Lane,2/8/13 8:35 AM,1159820,1909235,2013
1400 N ARTESIAN AVE,Snow - Uncleared Sidewalk or Bike Lane,2/8/13 8:35 AM,1159820,1909235,2013
1400 N ARTESIAN AVE,Snow - Uncleared Sidewalk or Bike Lane,2/8/13 8:32 AM,1159820,1909235,2013
1400 N ARTESIAN AVE,Snow - Uncleared Sidewalk or Bike Lane,2/8/13 8:28 AM,1159820,1909242,2013
1400 N ARTESIAN AVE,Snow - Uncleared Sidewalk or Bike Lane,2/8/13 8:27 AM,1159820,1909242,2013
3800 S WINCHESTER AVE,Snow - Uncleared Sidewalk or Bike Lane,2/8/13 8:22 AM,1163981,1879408,2013
1200 W ADAMS ST,Snow - Uncleared Sidewalk or Bike Lane,2/8/13 8:14 AM,1168419,1899244,2013
2400 N HALSTED ST,Snow - Uncleared Sidewalk or Bike Lane,2/8/13 8:00 AM,1170533,1916443,2013
600 N WELLS ST,Snow - Uncleared Sidewalk or Bike Lane,2/8/13 7:44 AM,1174628,1904368,2013
800 W CASTLEWOOD TER,Snow - Uncleared Sidewalk or Bike Lane,2/8/13 12:54 AM,1170024,1932717,2013
900 W LELAND AVE,Snow - Uncleared Sidewalk or Bike Lane,2/7/13 6:12 PM,1169085,1931402,2013
900 W LELAND AVE,Snow - Uncleared Sidewalk or Bike Lane,2/7/13 6:11 PM,1169106,1931403,2013
900 W LELAND AVE,Snow - Uncleared Sidewalk or Bike Lane,2/7/13 6:09 PM,1169128,1931403,2013
4100 W BYRON ST,Snow - Uncleared Sidewalk or Bike Lane,2/7/13 1:40 PM,1148456,1925613,2013
2000 W WASHINGTON BLVD,Snow - Uncleared Sidewalk or Bike Lane,2/7/13 9:59 AM,1162759,1900684,2013
2000 W 95TH ST,Snow - Uncleared Sidewalk or Bike Lane,2/7/13 9:44 AM,1164059,1841628,2013
2000 W 95TH ST,Snow - Uncleared Sidewalk or Bike Lane,2/7/13 9:42 AM,1164330,1841635,2013
9500 S LONGWOOD DR,Snow - Uncleared Sidewalk or Bike Lane,2/7/13 9:40 AM,1165583,1841307,2013
5700 N ASHLAND AVE,Snow - Uncleared Sidewalk or Bike Lane,2/6/13 6:02 PM,1164633,1937865,2013
7100 W ARCHER AVE,Snow - Uncleared Sidewalk or Bike Lane,2/6/13 3:21 PM,1129403,1867225,2013
6400 N MAGNOLIA AVE,Snow - Uncleared Sidewalk or Bike Lane,2/6/13 3:20 PM,1166772,1942781,2013
5500 S ARCHER AVE,Snow - Uncleared Sidewalk or Bike Lane,2/6/13 2:23 PM,1143912,1869510,2013
9600 S WINCHESTER AVE,Snow - Uncleared Sidewalk or Bike Lane,2/6/13 1:40 PM,1165150,1840994,2013
2100 N DAYTON ST,Snow - Uncleared Sidewalk or Bike Lane,2/6/13 1:38 PM,1170277,1914238,2013
2000 N DAYTON ST,Snow - Uncleared Sidewalk or Bike Lane,2/6/13 1:35 PM,1170298,1913609,2013
1000 S CLARK ST,Snow - Uncleared Sidewalk or Bike Lane,2/6/13 1:35 PM,1175675,1895963,2013
800 S CLARK ST,Snow - Uncleared Sidewalk or Bike Lane,2/6/13 1:33 PM,1175644,1896711,2013
800 S CLARK ST,Snow - Uncleared Sidewalk or Bike Lane,2/6/13 1:33 PM,1175644,1896711,2013
4800 W 65TH ST,Snow - Uncleared Sidewalk or Bike Lane,2/6/13 1:23 PM,1145503,1861075,2013
3000 W PALMER ST,Snow - Uncleared Sidewalk or Bike Lane,2/6/13 10:56 AM,,,2013
3900 W CORTLAND ST,Snow - Uncleared Sidewalk or Bike Lane,2/6/13 10:43 AM,1149682,1912332,2013
2700 W SUNNYSIDE AVE,Snow - Uncleared Sidewalk or Bike Lane,2/6/13 10:17 AM,1157133,1929778,2013
800 E OAKWOOD BLVD,Snow - Uncleared Sidewalk or Bike Lane,2/6/13 10:07 AM,1182543,1878920,2013
4400 W ADDISON ST,Snow - Uncleared Sidewalk or Bike Lane,2/6/13 9:36 AM,1145981,1923556,2013
4400 S TRIPP AVE,Snow - Uncleared Sidewalk or Bike Lane,2/6/13 9:30 AM,1148735,1874927,2013
1400 N ARTESIAN AVE,Snow - Uncleared Sidewalk or Bike Lane,2/6/13 9:28 AM,1159820,1909242,2013
1400 N ARTESIAN AVE,Snow - Uncleared Sidewalk or Bike Lane,2/6/13 9:23 AM,1159819,1909249,2013
1400 N ARTESIAN AVE,Snow - Uncleared Sidewalk or Bike Lane,2/6/13 9:21 AM,1159820,1909242,2013
1800 W FLETCHER ST,Snow - Uncleared Sidewalk or Bike Lane,2/6/13 9:09 AM,1163363,1920941,2013
7300 N ASHLAND AVE,Snow - Uncleared Sidewalk or Bike Lane,2/6/13 9:04 AM,,,2013
2600 S WHIPPLE ST,Snow - Uncleared Sidewalk or Bike Lane,2/6/13 8:43 AM,1156445,1886590,2013
2600 S WHIPPLE ST,Snow - Uncleared Sidewalk or Bike Lane,2/6/13 8:41 AM,1156445,1886590,2013
8200 S CICERO AVE,Snow - Uncleared Sidewalk or Bike Lane,2/6/13 8:33 AM,1145862,1849480,2013
1000 W DAKIN ST,Snow - Uncleared Sidewalk or Bike Lane,2/6/13 8:32 AM,1168667,1926374,2013
1000 W DAKIN ST,Snow - Uncleared Sidewalk or Bike Lane,2/6/13 8:28 AM,1168692,1926375,2013
2000 W WASHINGTON BLVD,Snow - Uncleared Sidewalk or Bike Lane,2/6/13 7:59 AM,1162759,1900684,2013
2300 W 18TH PL,Snow - Uncleared Sidewalk or Bike Lane,2/6/13 7:47 AM,1160979,1891021,2013
2600 W LUNT AVE,Snow - Uncleared Sidewalk or Bike Lane,2/6/13 6:38 AM,1157743,1946356,2013
5400 N BERNARD ST,Snow - Uncleared Sidewalk or Bike Lane,2/5/13 5:37 PM,1152414,1935724,2013
200 W HUBBARD ST,Snow - Uncleared Sidewalk or Bike Lane,2/5/13 3:55 PM,1174595,1903274,2013
6500 N FRANCISCO AVE,Snow - Uncleared Sidewalk or Bike Lane,2/5/13 3:41 PM,1155818,1943037,2013
0 N DAMEN AVE,Snow - Uncleared Sidewalk or Bike Lane,2/5/13 3:15 PM,1163079,1900025,2013
6100 S PULASKI RD,Snow - Uncleared Sidewalk or Bike Lane,2/5/13 3:14 PM,1150752,1863721,2013
1300 S BLUE ISLAND AVE,Snow - Uncleared Sidewalk or Bike Lane,2/5/13 2:27 PM,1168799,1893804,2013
4500 N ASHLAND AVE,Snow - Uncleared Sidewalk or Bike Lane,2/5/13 2:27 PM,1164838,1930239,2013
1400 N MAPLEWOOD AVE,Snow - Uncleared Sidewalk or Bike Lane,2/5/13 2:07 PM,1159141,1909604,2013
1400 N MAPLEWOOD AVE,Snow - Uncleared Sidewalk or Bike Lane,2/5/13 2:06 PM,1159141,1909590,2013
5600 S OAKLEY AVE,Snow - Uncleared Sidewalk or Bike Lane,2/5/13 1:50 PM,1162072,1867518,2013
600 N WELLS ST,Snow - Uncleared Sidewalk or Bike Lane,2/5/13 1:42 PM,1174621,1904615,2013
200 W HUBBARD ST,Snow - Uncleared Sidewalk or Bike Lane,2/5/13 1:36 PM,1174595,1903274,2013
5700 N RIDGE AVE,Snow - Uncleared Sidewalk or Bike Lane,2/5/13 1:27 PM,1166240,1938198,2013
5200 S ARCHER AVE,Snow - Uncleared Sidewalk or Bike Lane,2/5/13 1:05 PM,1146496,1870059,2013
2800 S ST LOUIS AVE,Snow - Uncleared Sidewalk or Bike Lane,2/5/13 12:35 PM,1153488,1885175,2013
4900 S KEDZIE AVE,Snow - Uncleared Sidewalk or Bike Lane,2/5/13 11:51 AM,1155875,1871788,2013
3800 N ST LOUIS AVE,Snow - Uncleared Sidewalk or Bike Lane,2/5/13 11:36 AM,1152369,1925501,2013
2700 W CORTLAND ST,Snow - Uncleared Sidewalk or Bike Lane,2/5/13 10:37 AM,1157711,1912510,2013
1800 N FAIRFIELD AVE,Snow - Uncleared Sidewalk or Bike Lane,2/5/13 10:35 AM,1157743,1912231,2013
500 N DEARBORN ST,Snow - Uncleared Sidewalk or Bike Lane,2/5/13 10:31 AM,1175843,1903934,2013
6900 W ARCHER AVE,Snow - Uncleared Sidewalk or Bike Lane,2/5/13 10:25 AM,1130967,1867286,2013
100 N WELLS ST,Snow - Uncleared Sidewalk or Bike Lane,2/5/13 10:15 AM,1174723,1900838,2013
500 N MILWAUKEE AVE,Snow - Uncleared Sidewalk or Bike Lane,2/5/13 10:08 AM,1170749,1903866,2013
3700 W 55TH PL,Snow - Uncleared Sidewalk or Bike Lane,2/5/13 10:00 AM,1152517,1867540,2013
1100 W ARMITAGE AVE,Snow - Uncleared Sidewalk or Bike Lane,2/5/13 9:59 AM,1168343,1913455,2013
6500 S RHODES AVE,Snow - Uncleared Sidewalk or Bike Lane,2/5/13 9:40 AM,1181022,1861921,2013
6500 S RHODES AVE,Snow - Uncleared Sidewalk or Bike Lane,2/5/13 9:39 AM,1181023,1861888,2013
6500 S RHODES AVE,Snow - Uncleared Sidewalk or Bike Lane,2/5/13 9:38 AM,1181021,1861961,2013
6500 S RHODES AVE,Snow - Uncleared Sidewalk or Bike Lane,2/5/13 9:38 AM,1181020,1861988,2013
6500 S RHODES AVE,Snow - Uncleared Sidewalk or Bike Lane,2/5/13 9:37 AM,1181020,1862015,2013
6500 S RHODES AVE,Snow - Uncleared Sidewalk or Bike Lane,2/5/13 9:36 AM,1181019,1862028,2013
1600 N DRAKE AVE,Snow - Uncleared Sidewalk or Bike Lane,2/5/13 9:23 AM,1152567,1910734,2013
2800 N SHERIDAN RD,Snow - Uncleared Sidewalk or Bike Lane,2/5/13 9:22 AM,1173087,1919002,2013
200 N UNION AVE,Snow - Uncleared Sidewalk or Bike Lane,2/5/13 9:17 AM,1171579,1901687,2013
4300 W ROOSEVELT RD,Snow - Uncleared Sidewalk or Bike Lane,2/5/13 9:12 AM,1147469,1894346,2013
3700 W 55TH ST,Snow - Uncleared Sidewalk or Bike Lane,2/5/13 8:51 AM,1152421,1867872,2013
800 S LA SALLE ST,Snow - Uncleared Sidewalk or Bike Lane,2/5/13 8:50 AM,1175366,1896795,2013
1800 N FAIRFIELD AVE,Snow - Uncleared Sidewalk or Bike Lane,2/5/13 8:38 AM,1157743,1912250,2013
2100 S INDIANA AVE,Snow - Uncleared Sidewalk or Bike Lane,2/5/13 8:10 AM,1177971,1890302,2013
800 W CASTLEWOOD TER,Snow - Uncleared Sidewalk or Bike Lane,2/5/13 7:42 AM,1170024,1932717,2013
1500 W MADISON ST,Snow - Uncleared Sidewalk or Bike Lane,2/5/13 5:57 AM,1166083,1900105,2013
4300 N RICHMOND ST,Snow - Uncleared Sidewalk or Bike Lane,2/4/13 7:11 PM,1155936,1928648,2013
4300 N RICHMOND ST,Snow - Uncleared Sidewalk or Bike Lane,2/4/13 7:07 PM,1155936,1928648,2013
1000 W GRANVILLE AVE,Snow - Uncleared Sidewalk or Bike Lane,2/4/13 6:54 PM,1168115,1941346,2013
300 N MICHIGAN AVE,Snow - Uncleared Sidewalk or Bike Lane,2/4/13 6:43 PM,1177254,1902682,2013
100 E LAKE ST,Snow - Uncleared Sidewalk or Bike Lane,2/4/13 6:43 PM,1177591,1901766,2013
100 E LAKE ST,Snow - Uncleared Sidewalk or Bike Lane,2/4/13 6:42 PM,1177262,1901756,2013
3400 N ELAINE PL,Snow - Uncleared Sidewalk or Bike Lane,2/4/13 6:32 PM,1170827,1922987,2013
5700 N KENMORE AVE,Snow - Uncleared Sidewalk or Bike Lane,2/4/13 5:49 PM,1168212,1938210,2013
3200 N GREENVIEW AVE,Snow - Uncleared Sidewalk or Bike Lane,2/4/13 5:41 PM,1165745,1921334,2013
1800 W SCHOOL ST,Snow - Uncleared Sidewalk or Bike Lane,2/4/13 4:55 PM,1163478,1921940,2013
1400 E 62ND ST,Snow - Uncleared Sidewalk or Bike Lane,2/4/13 4:37 PM,1186739,1864168,2013
6100 N MEADE AVE,Snow - Uncleared Sidewalk or Bike Lane,2/4/13 3:58 PM,1134574,1940510,2013
4700 W FULLERTON AVE,Snow - Uncleared Sidewalk or Bike Lane,2/4/13 3:56 PM,1144248,1915536,2013
2400 N WESTERN AVE,Snow - Uncleared Sidewalk or Bike Lane,2/4/13 3:40 PM,1159949,1916292,2013
6200 S ARCHER AVE,Snow - Uncleared Sidewalk or Bike Lane,2/4/13 3:14 PM,1136146,1867860,2013
600 W 63RD ST,Snow - Uncleared Sidewalk or Bike Lane,2/4/13 2:52 PM,1172779,1863104,2013
600 W 63RD ST,Snow - Uncleared Sidewalk or Bike Lane,2/4/13 2:51 PM,1172824,1863106,2013
6100 S OAK PARK AVE,Snow - Uncleared Sidewalk or Bike Lane,2/4/13 2:16 PM,1132142,1863015,2013
5700 N RIDGE AVE,Snow - Uncleared Sidewalk or Bike Lane,2/4/13 1:53 PM,1166284,1938162,2013
100 E CULLERTON ST,Snow - Uncleared Sidewalk or Bike Lane,2/4/13 1:51 PM,1177526,1890730,2013
4600 N CLARENDON AVE,Snow - Uncleared Sidewalk or Bike Lane,2/4/13 12:19 PM,1170075,1931104,2013
3200 W GRAND AVE,Snow - Uncleared Sidewalk or Bike Lane,2/4/13 11:05 AM,1154863,1906157,2013
6700 W BELMONT AVE,Snow - Uncleared Sidewalk or Bike Lane,2/4/13 10:57 AM,1130907,1920524,2013
6700 W BELMONT AVE,Snow - Uncleared Sidewalk or Bike Lane,2/4/13 10:48 AM,1130907,1920524,2013
1300 N LA SALLE ST,Snow - Uncleared Sidewalk or Bike Lane,2/4/13 10:40 AM,,,2013
100 N WELLS ST,Snow - Uncleared Sidewalk or Bike Lane,2/4/13 10:26 AM,1174723,1900838,2013
100 N WELLS ST,Snow - Uncleared Sidewalk or Bike Lane,2/4/13 10:23 AM,1174723,1900838,2013
2600 W PERSHING RD,Snow - Uncleared Sidewalk or Bike Lane,2/4/13 9:55 AM,1159283,1878691,2013
7200 W TALCOTT AVE,Snow - Uncleared Sidewalk or Bike Lane,2/4/13 9:45 AM,1127369,1937875,2013
6800 S PAXTON AVE,Snow - Uncleared Sidewalk or Bike Lane,2/4/13 9:20 AM,1192051,1860237,2013
3600 N NORDICA AVE,Snow - Uncleared Sidewalk or Bike Lane,2/4/13 8:46 AM,1128437,1923243,2013
1300 W MADISON ST,Snow - Uncleared Sidewalk or Bike Lane,2/3/13 10:05 PM,1167350,1900145,2013
4900 W CULLOM AVE,Snow - Uncleared Sidewalk or Bike Lane,2/3/13 8:03 PM,1142571,1928133,2013
4900 W CULLOM AVE,Snow - Uncleared Sidewalk or Bike Lane,2/3/13 8:02 PM,1142605,1928133,2013
1000 W WINONA ST,Snow - Uncleared Sidewalk or Bike Lane,2/3/13 7:46 PM,1168630,1934310,2013
1000 W WINONA ST,Snow - Uncleared Sidewalk or Bike Lane,2/3/13 7:43 PM,1168295,1934301,2013
6500 N WASHTENAW AVE,Snow - Uncleared Sidewalk or Bike Lane,2/3/13 7:33 PM,1157138,1943343,2013
7900 S CHAMPLAIN AVE,Snow - Uncleared Sidewalk or Bike Lane,2/3/13 1:17 PM,1181941,1852499,2013
4600 S ARCHER AVE,Snow - Uncleared Sidewalk or Bike Lane,2/3/13 11:12 AM,1153875,1873918,2013
4800 S ARCHER AVE,Snow - Uncleared Sidewalk or Bike Lane,2/3/13 11:10 AM,1152205,1872530,2013
1600 W FARWELL AVE,Snow - Uncleared Sidewalk or Bike Lane,2/3/13 10:03 AM,1164219,1945690,2013
800 W CASTLEWOOD TER,Snow - Uncleared Sidewalk or Bike Lane,2/3/13 9:05 AM,1170024,1932717,2013
6800 S LANGLEY AVE,Snow - Uncleared Sidewalk or Bike Lane,2/3/13 12:31 AM,1182068,1859926,2013
2600 W LUNT AVE,Snow - Uncleared Sidewalk or Bike Lane,2/2/13 8:57 PM,1157743,1946356,2013
8200 S ELLIS AVE,Snow - Uncleared Sidewalk or Bike Lane,2/2/13 5:55 PM,1184327,1850610,2013
900 W CARMEN AVE,Snow - Uncleared Sidewalk or Bike Lane,2/2/13 5:44 PM,1169329,1933972,2013
3000 W SHERWIN AVE,Snow - Uncleared Sidewalk or Bike Lane,2/2/13 3:33 PM,1154808,1948557,2013
4200 N KIMBALL AVE,Snow - Uncleared Sidewalk or Bike Lane,2/2/13 2:36 PM,1152956,1928167,2013
4800 S KIMBARK AVE,Snow - Uncleared Sidewalk or Bike Lane,2/2/13 2:16 PM,1185493,1873426,2013
2800 W BELMONT AVE,Snow - Uncleared Sidewalk or Bike Lane,2/2/13 1:22 PM,1156944,1921142,2013
600 S FINANCIAL PL,Snow - Uncleared Sidewalk or Bike Lane,2/2/13 11:54 AM,1175088,1897634,2013
1900 N CICERO AVE,Snow - Uncleared Sidewalk or Bike Lane,2/2/13 10:40 AM,1144093,1912329,2013
700 N PAULINA ST,Snow - Uncleared Sidewalk or Bike Lane,2/2/13 10:32 AM,1164936,1904921,2013
2600 S KEDZIE AVE,Snow - Uncleared Sidewalk or Bike Lane,2/2/13 7:08 AM,1155443,1886559,2013
2000 W CHICAGO AVE,Snow - Uncleared Sidewalk or Bike Lane,1/30/13 12:41 AM,1162852,1905341,2013
4900 S CALUMET AVE,Snow - Uncleared Sidewalk or Bike Lane,1/28/13 1:38 AM,1179265,1872465,2013
2100 N SHEFFIELD AVE,Snow - Uncleared Sidewalk or Bike Lane,1/27/13 11:32 PM,1169282,1914350,2013
7800 S HALSTED ST,Snow - Uncleared Sidewalk or Bike Lane,1/27/13 9:06 PM,1172322,1853085,2013
6200 S ARCHER AVE,Snow - Uncleared Sidewalk or Bike Lane,1/27/13 3:45 PM,1136285,1867890,2013
1400 W HENDERSON ST,Snow - Uncleared Sidewalk or Bike Lane,1/27/13 3:18 AM,1166370,1922350,2013
4300 W WRIGHTWOOD AVE,Snow - Uncleared Sidewalk or Bike Lane,1/26/13 7:12 PM,1147220,1916930,2013
1000 W LELAND AVE,Snow - Uncleared Sidewalk or Bike Lane,1/26/13 6:22 PM,1168769,1931394,2013
500 W CORNELIA AVE,Snow - Uncleared Sidewalk or Bike Lane,1/26/13 4:24 PM,1171651,1923690,2013
1200 W LELAND AVE,Snow - Uncleared Sidewalk or Bike Lane,1/26/13 3:37 PM,1167242,1931351,2013
4700 N MAGNOLIA AVE,Snow - Uncleared Sidewalk or Bike Lane,1/26/13 3:29 PM,1167055,1931373,2013
1300 N ASHLAND AVE,Snow - Uncleared Sidewalk or Bike Lane,1/26/13 10:13 AM,1165490,1908688,2013
8300 S BAKER AVE,Snow - Uncleared Sidewalk or Bike Lane,1/26/13 4:05 AM,1197959,1850016,2013
900 W LELAND AVE,Snow - Uncleared Sidewalk or Bike Lane,1/25/13 8:33 PM,1169133,1931403,2013
4400 N CLARENDON AVE,Snow - Uncleared Sidewalk or Bike Lane,1/25/13 8:32 PM,1170124,1929427,2013
900 W LELAND AVE,Snow - Uncleared Sidewalk or Bike Lane,1/25/13 8:32 PM,1169133,1931403,2013
2900 N TROY ST,Snow - Uncleared Sidewalk or Bike Lane,1/25/13 8:03 PM,1154876,1919121,2013
5600 N CENTRAL AVE,Snow - Uncleared Sidewalk or Bike Lane,1/25/13 7:39 PM,1137866,1937270,2013
1200 W PRATT BLVD,Snow - Uncleared Sidewalk or Bike Lane,1/25/13 4:52 PM,1167005,1945326,2013
700 S WELLS ST,Snow - Uncleared Sidewalk or Bike Lane,1/25/13 3:39 PM,1174826,1897095,2013
5800 N CUMBERLAND AVE,Snow - Uncleared Sidewalk or Bike Lane,1/25/13 11:01 AM,1119306,1937504,2013
0 N STATE ST,Snow - Uncleared Sidewalk or Bike Lane,1/25/13 9:58 AM,1176368,1900544,2013
4800 S COTTAGE GROVE AVE,Snow - Uncleared Sidewalk or Bike Lane,1/25/13 9:36 AM,1182404,1873165,2013
800 W CASTLEWOOD TER,Snow - Uncleared Sidewalk or Bike Lane,1/25/13 8:26 AM,1170024,1932717,2013
1700 S WOOD ST,Snow - Uncleared Sidewalk or Bike Lane,1/23/13 7:14 PM,1164651,1891578,2013
200 N LA SALLE ST,Snow - Uncleared Sidewalk or Bike Lane,1/13/13 5:03 PM,1175087,1902166,2013
5400 N LAKEWOOD AVE,Snow - Uncleared Sidewalk or Bike Lane,1/9/13 8:54 AM,1166652,1936368,2013
4300 N KENMORE AVE,Snow - Uncleared Sidewalk or Bike Lane,1/8/13 9:12 AM,1168395,1928752,2013
6800 W RAVEN ST,Snow - Uncleared Sidewalk or Bike Lane,1/7/13 4:31 PM,1129782,1940474,2013
1100 W WELLINGTON AVE,Snow - Uncleared Sidewalk or Bike Lane,1/7/13 1:30 PM,1167862,1920065,2013
4600 N MALDEN ST,Snow - Uncleared Sidewalk or Bike Lane,1/7/13 9:39 AM,1166708,1930683,2013
4800 N CHRISTIANA AVE,Snow - Uncleared Sidewalk or Bike Lane,1/6/13 6:15 PM,1153170,1932074,2013
800 W CASTLEWOOD TER,Snow - Uncleared Sidewalk or Bike Lane,1/5/13 12:00 PM,1170024,1932717,2013
7000 S WOODLAWN AVE,Snow - Uncleared Sidewalk or Bike Lane,1/5/13 9:05 AM,1185620,1858583,2013
4200 N HAZEL ST,Snow - Uncleared Sidewalk or Bike Lane,1/4/13 7:43 PM,1169593,1928653,2013
7600 N GREENVIEW AVE,Snow - Uncleared Sidewalk or Bike Lane,1/4/13 6:50 PM,1164975,1950355,2013
2000 W SHAKESPEARE AVE,Snow - Uncleared Sidewalk or Bike Lane,1/4/13 2:15 PM,1162665,1914410,2013
2000 W SHAKESPEARE AVE,Snow - Uncleared Sidewalk or Bike Lane,1/4/13 2:13 PM,1162570,1914407,2013
5000 N RAVENSWOOD AVE,Snow - Uncleared Sidewalk or Bike Lane,1/4/13 11:35 AM,1163462,1933427,2013
4600 N MAGNOLIA AVE,Snow - Uncleared Sidewalk or Bike Lane,1/4/13 10:25 AM,1167073,1931036,2013
4600 N WINTHROP AVE,Snow - Uncleared Sidewalk or Bike Lane,1/4/13 9:56 AM,1168281,1931044,2013
4600 N WINTHROP AVE,Snow - Uncleared Sidewalk or Bike Lane,1/4/13 9:56 AM,1168288,1931034,2013
4600 N WINTHROP AVE,Snow - Uncleared Sidewalk or Bike Lane,1/4/13 9:56 AM,1168295,1931024,2013
4600 N WINTHROP AVE,Snow - Uncleared Sidewalk or Bike Lane,1/4/13 9:55 AM,1168303,1931014,2013
4600 N WINTHROP AVE,Snow - Uncleared Sidewalk or Bike Lane,1/4/13 9:54 AM,1168310,1931004,2013
4600 N DOVER ST,Snow - Uncleared Sidewalk or Bike Lane,1/4/13 8:45 AM,1165853,1930895,2013
6700 N SHERIDAN RD,Snow - Uncleared Sidewalk or Bike Lane,1/3/13 9:31 PM,1167037,1944649,2013
6700 N SHERIDAN RD,Snow - Uncleared Sidewalk or Bike Lane,1/3/13 9:30 PM,1167034,1944746,2013
1400 W NORWOOD ST,Snow - Uncleared Sidewalk or Bike Lane,1/3/13 9:02 PM,1165875,1940296,2013
1400 W NORWOOD ST,Snow - Uncleared Sidewalk or Bike Lane,1/3/13 9:02 PM,1165875,1940296,2013
7300 N HONORE ST,Snow - Uncleared Sidewalk or Bike Lane,1/3/13 6:34 PM,1162686,1948525,2013
1300 W BRYN MAWR AVE,Snow - Uncleared Sidewalk or Bike Lane,1/3/13 3:16 PM,1166507,1937319,2013
4400 N CLARENDON AVE,Snow - Uncleared Sidewalk or Bike Lane,1/3/13 11:54 AM,1170124,1929427,2013
700 W HUTCHINSON ST,Snow - Uncleared Sidewalk or Bike Lane,1/3/13 11:01 AM,1170429,1928509,2013
1000 W LELAND AVE,Snow - Uncleared Sidewalk or Bike Lane,1/3/13 10:52 AM,1168725,1931393,2013
2600 N ALBANY AVE,Snow - Uncleared Sidewalk or Bike Lane,1/3/13 3:59 AM,1155258,1917353,2013
5200 N BERNARD ST,Snow - Uncleared Sidewalk or Bike Lane,1/2/13 10:31 PM,1152446,1934334,2013
2400 W GRANVILLE AVE,Snow - Uncleared Sidewalk or Bike Lane,1/2/13 8:56 PM,1158932,1941089,2013
700 W HUTCHINSON ST,Snow - Uncleared Sidewalk or Bike Lane,1/2/13 5:40 PM,1170429,1928509,2013
5200 N KENMORE AVE,Snow - Uncleared Sidewalk or Bike Lane,1/2/13 3:53 PM,1168304,1935064,2013
500 W HAWTHORNE PL,Snow - Uncleared Sidewalk or Bike Lane,1/2/13 1:00 PM,1171674,1923042,2013
4400 N CLARENDON AVE,Snow - Uncleared Sidewalk or Bike Lane,1/2/13 11:51 AM,1170124,1929427,2013
3400 N BROADWAY ,Snow - Uncleared Sidewalk or Bike Lane,1/2/13 10:17 AM,1171309,1923240,2013
4600 N CLARENDON AVE,Snow - Uncleared Sidewalk or Bike Lane,1/2/13 9:52 AM,1170072,1931196,2013
800 W MONTROSE AVE,Snow - Uncleared Sidewalk or Bike Lane,1/2/13 9:50 AM,1170012,1929424,2013
6400 N GREENVIEW AVE,Snow - Uncleared Sidewalk or Bike Lane,1/2/13 9:44 AM,1165101,1943035,2013
6400 N GREENVIEW AVE,Snow - Uncleared Sidewalk or Bike Lane,1/2/13 9:43 AM,1165101,1943015,2013
4600 N MALDEN ST,Snow - Uncleared Sidewalk or Bike Lane,1/2/13 8:44 AM,1166694,1930818,2013
4700 N MALDEN ST,Snow - Uncleared Sidewalk or Bike Lane,1/2/13 8:36 AM,1166598,1931703,2013
3800 N ALTA VISTA TER,Snow - Uncleared Sidewalk or Bike Lane,1/1/13 2:07 PM,1168360,1925661,2013
6600 N RIDGE BLVD,Snow - Uncleared Sidewalk or Bike Lane,1/1/13 2:04 PM,1162231,1943866,2013
800 W MONTROSE AVE,Snow - Uncleared Sidewalk or Bike Lane,1/1/13 8:32 AM,1170124,1929427,2013
500 W GRANVILLE AVE,Snow - Uncleared Sidewalk or Bike Lane,1/1/13 7:50 AM,,,2013
4200 N CLARENDON AVE,Snow - Uncleared Sidewalk or Bike Lane,12/31/12 6:33 PM,1170151,1928500,2012
3800 N SHEFFIELD AVE,Snow - Uncleared Sidewalk or Bike Lane,12/31/12 4:15 PM,1168915,1925762,2012
700 W MONTROSE AVE,Snow - Uncleared Sidewalk or Bike Lane,12/31/12 2:58 PM,1170637,1929442,2012
1100 W GRACE ST,Snow - Uncleared Sidewalk or Bike Lane,12/31/12 12:18 PM,1168034,1925485,2012
700 W GORDON TER,Snow - Uncleared Sidewalk or Bike Lane,12/31/12 12:05 PM,1170576,1927983,2012
1500 W FARWELL AVE,Snow - Uncleared Sidewalk or Bike Lane,12/31/12 11:44 AM,1164995,1945714,2012
1400 W FARWELL AVE,Snow - Uncleared Sidewalk or Bike Lane,12/31/12 11:39 AM,1165405,1945727,2012
4700 N MALDEN ST,Snow - Uncleared Sidewalk or Bike Lane,12/31/12 11:04 AM,1166598,1931703,2012
4700 N MALDEN ST,Snow - Uncleared Sidewalk or Bike Lane,12/31/12 10:14 AM,1166598,1931703,2012
4700 N BEACON ST,Snow - Uncleared Sidewalk or Bike Lane,12/31/12 10:12 AM,1166197,1931678,2012
4700 N BEACON ST,Snow - Uncleared Sidewalk or Bike Lane,12/31/12 10:10 AM,1166236,1931390,2012
1000 W GRANVILLE AVE,Snow - Uncleared Sidewalk or Bike Lane,12/31/12 9:56 AM,1168115,1941346,2012
3900 N SHERIDAN RD,Snow - Uncleared Sidewalk or Bike Lane,12/31/12 7:34 AM,1168894,1926429,2012
3800 N SHEFFIELD AVE,Snow - Uncleared Sidewalk or Bike Lane,12/31/12 7:29 AM,1168916,1925734,2012
5000 N SHERIDAN RD,Snow - Uncleared Sidewalk or Bike Lane,12/31/12 2:07 AM,1168712,1934104,2012
5000 N SHERIDAN RD,Snow - Uncleared Sidewalk or Bike Lane,12/31/12 2:02 AM,1168712,1934104,2012
400 W LAKE ST,Snow - Uncleared Sidewalk or Bike Lane,12/30/12 11:18 PM,1173661,1901715,2012
1400 W BERWYN AVE,Snow - Uncleared Sidewalk or Bike Lane,12/30/12 4:57 PM,1165678,1935299,2012
1400 W BERWYN AVE,Snow - Uncleared Sidewalk or Bike Lane,12/30/12 4:56 PM,1165736,1935301,2012
1900 W PATTERSON AVE,Snow - Uncleared Sidewalk or Bike Lane,12/30/12 4:11 PM,1163019,1924260,2012
3600 N WOLCOTT AVE,Snow - Uncleared Sidewalk or Bike Lane,12/30/12 4:09 PM,1163035,1923935,2012
1900 W PATTERSON AVE,Snow - Uncleared Sidewalk or Bike Lane,12/30/12 4:09 PM,1162766,1924253,2012
1900 W PATTERSON AVE,Snow - Uncleared Sidewalk or Bike Lane,12/30/12 4:08 PM,1162779,1924253,2012
1900 W PATTERSON AVE,Snow - Uncleared Sidewalk or Bike Lane,12/30/12 4:08 PM,1162832,1924255,2012
1900 W PATTERSON AVE,Snow - Uncleared Sidewalk or Bike Lane,12/30/12 4:07 PM,1162879,1924256,2012
1800 N FAIRFIELD AVE,Snow - Uncleared Sidewalk or Bike Lane,12/30/12 8:22 AM,1157743,1912244,2012
4400 N CLARENDON AVE,Snow - Uncleared Sidewalk or Bike Lane,12/29/12 3:59 PM,1170124,1929427,2012
800 W CASTLEWOOD TER,Snow - Uncleared Sidewalk or Bike Lane,12/29/12 4:28 AM,1170024,1932717,2012
500 W HAWTHORNE PL,Snow - Uncleared Sidewalk or Bike Lane,12/28/12 8:50 PM,1171674,1923042,2012
500 W HAWTHORNE PL,Snow - Uncleared Sidewalk or Bike Lane,12/28/12 8:49 PM,1171674,1923042,2012
500 W HAWTHORNE PL,Snow - Uncleared Sidewalk or Bike Lane,12/28/12 8:48 PM,1171674,1923042,2012
1800 N FAIRFIELD AVE,Snow - Uncleared Sidewalk or Bike Lane,12/28/12 4:52 PM,1157743,1912244,2012
3900 N FREMONT ST,Snow - Uncleared Sidewalk or Bike Lane,12/28/12 4:19 PM,1169564,1926094,2012
5000 N KENMORE AVE,Snow - Uncleared Sidewalk or Bike Lane,12/28/12 12:40 PM,1168339,1933788,2012
800 W GRAND AVE,Snow - Uncleared Sidewalk or Bike Lane,12/28/12 10:13 AM,1170892,1903682,2012
700 W MONROE ST,Snow - Uncleared Sidewalk or Bike Lane,12/28/12 9:54 AM,1171617,1899801,2012
600 W MONROE ST,Snow - Uncleared Sidewalk or Bike Lane,12/28/12 9:47 AM,1172206,1899815,2012
4800 N ASHLAND AVE,Snow - Uncleared Sidewalk or Bike Lane,12/28/12 9:17 AM,1164793,1931948,2012
5700 N SHERIDAN RD,Snow - Uncleared Sidewalk or Bike Lane,12/28/12 8:24 AM,1168606,1938054,2012
6500 N KEDZIE AVE,Snow - Uncleared Sidewalk or Bike Lane,12/28/12 5:31 AM,1153853,1943246,2012
5500 N WINTHROP AVE,Snow - Uncleared Sidewalk or Bike Lane,12/27/12 7:44 PM,1167870,1936962,2012
800 W ADDISON ST,Snow - Uncleared Sidewalk or Bike Lane,12/27/12 1:29 PM,1170123,1924130,2012
900 W SUNNYSIDE AVE,Snow - Uncleared Sidewalk or Bike Lane,12/27/12 12:45 PM,1169207,1930069,2012
1200 W WILSON AVE,Snow - Uncleared Sidewalk or Bike Lane,12/27/12 12:02 PM,1167302,1930685,2012
2200 W EASTWOOD AVE,Snow - Uncleared Sidewalk or Bike Lane,12/27/12 11:03 AM,1160852,1930847,2012
2100 W FOSTER AVE,Snow - Uncleared Sidewalk or Bike Lane,12/27/12 10:11 AM,1161373,1934516,2012
1200 W WILSON AVE,Snow - Uncleared Sidewalk or Bike Lane,12/27/12 9:46 AM,1167302,1930685,2012
5400 N SHERIDAN RD,Snow - Uncleared Sidewalk or Bike Lane,12/27/12 9:29 AM,1168652,1936451,2012
3800 N MILWAUKEE CT,Snow - Uncleared Sidewalk or Bike Lane,12/27/12 7:22 AM,1144651,1925351,2012
1000 W CATALPA AVE,Snow - Uncleared Sidewalk or Bike Lane,12/26/12 7:31 PM,1168077,1936699,2012
1000 W CATALPA AVE,Snow - Uncleared Sidewalk or Bike Lane,12/26/12 7:31 PM,1168077,1936699,2012
2800 W ARMITAGE AVE,Snow - Uncleared Sidewalk or Bike Lane,12/26/12 7:14 PM,1157226,1913162,2012
2700 W CORTLAND ST,Snow - Uncleared Sidewalk or Bike Lane,12/26/12 7:05 PM,1158010,1912515,2012
1800 N FAIRFIELD AVE,Snow - Uncleared Sidewalk or Bike Lane,12/26/12 7:03 PM,1157741,1912315,2012
1800 N FAIRFIELD AVE,Snow - Uncleared Sidewalk or Bike Lane,12/26/12 7:02 PM,1157741,1912309,2012
2700 W CORTLAND ST,Snow - Uncleared Sidewalk or Bike Lane,12/26/12 7:00 PM,1157838,1912512,2012
1200 W WILSON AVE,Snow - Uncleared Sidewalk or Bike Lane,12/26/12 9:39 AM,1167302,1930685,2012
0 W WACKER DR,Snow - Uncleared Sidewalk or Bike Lane,12/23/12 2:37 AM,1175834,1902174,2012
7300 S WASHTENAW AVE,Snow - Uncleared Sidewalk or Bike Lane,12/20/12 4:41 PM,1159646,1855860,2012
3800 N DRAKE AVE,Snow - Uncleared Sidewalk or Bike Lane,12/20/12 12:59 PM,1152047,1925072,2012
